Time,SensorTimestamp,Value,Sensor
0,0.0,MAX86915 IR
0,0.0,MAX86915 RED
1,0.0,MAX86915 IR
1,0.0,MAX86915 RED
2,0.0,MAX86915 IR
2,0.0,MAX86915 RED
3,0.0,MAX86915 IR
3,0.0,MAX86915 RED
4,2.0,MAX86915 IR
4,0.0,MAX86915 RED
5,177689.0,MAX86915 IR
5,166317.0,MAX86915 RED
6,177660.0,MAX86915 IR
6,166282.0,MAX86915 RED
7,177608.0,MAX86915 IR
7,166238.0,MAX86915 RED
8,177584.0,MAX86915 IR
8,166198.0,MAX86915 RED
9,177574.0,MAX86915 IR
9,166169.0,MAX86915 RED
10,177587.0,MAX86915 IR
10,166163.0,MAX86915 RED
11,177584.0,MAX86915 IR
11,166168.0,MAX86915 RED
12,177594.0,MAX86915 IR
12,166153.0,MAX86915 RED
13,177587.0,MAX86915 IR
13,166129.0,MAX86915 RED
14,177623.0,MAX86915 IR
14,166132.0,MAX86915 RED
15,372490.0,MAX86915 IR
15,368666.0,MAX86915 RED
16,372474.0,MAX86915 IR
16,368602.0,MAX86915 RED
17,372453.0,MAX86915 IR
17,368598.0,MAX86915 RED
18,372461.0,MAX86915 IR
18,368597.0,MAX86915 RED
19,372520.0,MAX86915 IR
19,368579.0,MAX86915 RED
20,372530.0,MAX86915 IR
20,368565.0,MAX86915 RED
21,372465.0,MAX86915 IR
21,368440.0,MAX86915 RED
22,372346.0,MAX86915 IR
22,368363.0,MAX86915 RED
23,372243.0,MAX86915 IR
23,368208.0,MAX86915 RED
24,372051.0,MAX86915 IR
24,368056.0,MAX86915 RED
25,371930.0,MAX86915 IR
25,367957.0,MAX86915 RED
26,371778.0,MAX86915 IR
26,367778.0,MAX86915 RED
27,371630.0,MAX86915 IR
27,367665.0,MAX86915 RED
28,371532.0,MAX86915 IR
28,367623.0,MAX86915 RED
29,371404.0,MAX86915 IR
29,367485.0,MAX86915 RED
30,371260.0,MAX86915 IR
30,367404.0,MAX86915 RED
31,371196.0,MAX86915 IR
31,367336.0,MAX86915 RED
32,371153.0,MAX86915 IR
32,367257.0,MAX86915 RED
33,371106.0,MAX86915 IR
33,367156.0,MAX86915 RED
34,371008.0,MAX86915 IR
34,367072.0,MAX86915 RED
35,370993.0,MAX86915 IR
35,366953.0,MAX86915 RED
36,370931.0,MAX86915 IR
36,366962.0,MAX86915 RED
37,370917.0,MAX86915 IR
37,366911.0,MAX86915 RED
38,370925.0,MAX86915 IR
38,366847.0,MAX86915 RED
39,370920.0,MAX86915 IR
39,366857.0,MAX86915 RED
40,370988.0,MAX86915 IR
40,366834.0,MAX86915 RED
41,371037.0,MAX86915 IR
41,366900.0,MAX86915 RED
42,371061.0,MAX86915 IR
42,366871.0,MAX86915 RED
43,371151.0,MAX86915 IR
43,366863.0,MAX86915 RED
44,371227.0,MAX86915 IR
44,366898.0,MAX86915 RED
45,371270.0,MAX86915 IR
45,366939.0,MAX86915 RED
46,371297.0,MAX86915 IR
46,366899.0,MAX86915 RED
47,371361.0,MAX86915 IR
47,366924.0,MAX86915 RED
48,371411.0,MAX86915 IR
48,366936.0,MAX86915 RED
49,371429.0,MAX86915 IR
49,366961.0,MAX86915 RED
50,371511.0,MAX86915 IR
50,366893.0,MAX86915 RED
51,371514.0,MAX86915 IR
51,366914.0,MAX86915 RED
52,371485.0,MAX86915 IR
52,366768.0,MAX86915 RED
53,371520.0,MAX86915 IR
53,366725.0,MAX86915 RED
54,371433.0,MAX86915 IR
54,366632.0,MAX86915 RED
55,371377.0,MAX86915 IR
55,366491.0,MAX86915 RED
56,371316.0,MAX86915 IR
56,366368.0,MAX86915 RED
57,371173.0,MAX86915 IR
57,366301.0,MAX86915 RED
58,371061.0,MAX86915 IR
58,366130.0,MAX86915 RED
59,370953.0,MAX86915 IR
59,366023.0,MAX86915 RED
60,370912.0,MAX86915 IR
60,366000.0,MAX86915 RED
61,370874.0,MAX86915 IR
61,365959.0,MAX86915 RED
62,370823.0,MAX86915 IR
62,365899.0,MAX86915 RED
63,370805.0,MAX86915 IR
63,365844.0,MAX86915 RED
64,370789.0,MAX86915 IR
64,365774.0,MAX86915 RED
65,370766.0,MAX86915 IR
65,365728.0,MAX86915 RED
66,370683.0,MAX86915 IR
66,365705.0,MAX86915 RED
67,370675.0,MAX86915 IR
67,365605.0,MAX86915 RED
68,370672.0,MAX86915 IR
68,365579.0,MAX86915 RED
69,370598.0,MAX86915 IR
69,365533.0,MAX86915 RED
70,370530.0,MAX86915 IR
70,365471.0,MAX86915 RED
71,370451.0,MAX86915 IR
71,365395.0,MAX86915 RED
72,370425.0,MAX86915 IR
72,365300.0,MAX86915 RED
73,370335.0,MAX86915 IR
73,365203.0,MAX86915 RED
74,370337.0,MAX86915 IR
74,365189.0,MAX86915 RED
75,370304.0,MAX86915 IR
75,365135.0,MAX86915 RED
76,370333.0,MAX86915 IR
76,365113.0,MAX86915 RED
77,370343.0,MAX86915 IR
77,365139.0,MAX86915 RED
78,370381.0,MAX86915 IR
78,365160.0,MAX86915 RED
79,370408.0,MAX86915 IR
79,365114.0,MAX86915 RED
80,370422.0,MAX86915 IR
80,365090.0,MAX86915 RED
81,370415.0,MAX86915 IR
81,365092.0,MAX86915 RED
82,370447.0,MAX86915 IR
82,365080.0,MAX86915 RED
83,370453.0,MAX86915 IR
83,365077.0,MAX86915 RED
84,370443.0,MAX86915 IR
84,365024.0,MAX86915 RED
85,370397.0,MAX86915 IR
85,364957.0,MAX86915 RED
86,370226.0,MAX86915 IR
86,364832.0,MAX86915 RED
87,369934.0,MAX86915 IR
87,364666.0,MAX86915 RED
88,369605.0,MAX86915 IR
88,364440.0,MAX86915 RED
89,369302.0,MAX86915 IR
89,364209.0,MAX86915 RED
90,368966.0,MAX86915 IR
90,364036.0,MAX86915 RED
91,368694.0,MAX86915 IR
91,363809.0,MAX86915 RED
92,368415.0,MAX86915 IR
92,363673.0,MAX86915 RED
93,368203.0,MAX86915 IR
93,363498.0,MAX86915 RED
94,368021.0,MAX86915 IR
94,363405.0,MAX86915 RED
95,367847.0,MAX86915 IR
95,363254.0,MAX86915 RED
96,367755.0,MAX86915 IR
96,363251.0,MAX86915 RED
97,367644.0,MAX86915 IR
97,363130.0,MAX86915 RED
98,367592.0,MAX86915 IR
98,363107.0,MAX86915 RED
99,367562.0,MAX86915 IR
99,363070.0,MAX86915 RED
100,367539.0,MAX86915 IR
100,362967.0,MAX86915 RED
101,367520.0,MAX86915 IR
101,362986.0,MAX86915 RED
102,367583.0,MAX86915 IR
102,362948.0,MAX86915 RED
103,367565.0,MAX86915 IR
103,363016.0,MAX86915 RED
104,367563.0,MAX86915 IR
104,362938.0,MAX86915 RED
105,367520.0,MAX86915 IR
105,362921.0,MAX86915 RED
106,367548.0,MAX86915 IR
106,362918.0,MAX86915 RED
107,367512.0,MAX86915 IR
107,362938.0,MAX86915 RED
108,367491.0,MAX86915 IR
108,362833.0,MAX86915 RED
109,367448.0,MAX86915 IR
109,362773.0,MAX86915 RED
110,367382.0,MAX86915 IR
110,362697.0,MAX86915 RED
111,367330.0,MAX86915 IR
111,362623.0,MAX86915 RED
112,367307.0,MAX86915 IR
112,362584.0,MAX86915 RED
113,367239.0,MAX86915 IR
113,362493.0,MAX86915 RED
114,367256.0,MAX86915 IR
114,362481.0,MAX86915 RED
115,367268.0,MAX86915 IR
115,362456.0,MAX86915 RED
116,367279.0,MAX86915 IR
116,362435.0,MAX86915 RED
117,367229.0,MAX86915 IR
117,362378.0,MAX86915 RED
118,367199.0,MAX86915 IR
118,362355.0,MAX86915 RED
119,367127.0,MAX86915 IR
119,362316.0,MAX86915 RED
120,367089.0,MAX86915 IR
120,362241.0,MAX86915 RED
121,367032.0,MAX86915 IR
121,362177.0,MAX86915 RED
122,366977.0,MAX86915 IR
122,362161.0,MAX86915 RED
123,366962.0,MAX86915 IR
123,362123.0,MAX86915 RED
124,366939.0,MAX86915 IR
124,362085.0,MAX86915 RED
125,366903.0,MAX86915 IR
125,362053.0,MAX86915 RED
126,366884.0,MAX86915 IR
126,362032.0,MAX86915 RED
127,366803.0,MAX86915 IR
127,361929.0,MAX86915 RED
128,366744.0,MAX86915 IR
128,361881.0,MAX86915 RED
129,366706.0,MAX86915 IR
129,361830.0,MAX86915 RED
130,366669.0,MAX86915 IR
130,361792.0,MAX86915 RED
131,366657.0,MAX86915 IR
131,361772.0,MAX86915 RED
132,366660.0,MAX86915 IR
132,361721.0,MAX86915 RED
133,366737.0,MAX86915 IR
133,361718.0,MAX86915 RED
134,366720.0,MAX86915 IR
134,361736.0,MAX86915 RED
135,366755.0,MAX86915 IR
135,361746.0,MAX86915 RED
136,366800.0,MAX86915 IR
136,361727.0,MAX86915 RED
137,366790.0,MAX86915 IR
137,361742.0,MAX86915 RED
138,366818.0,MAX86915 IR
138,361682.0,MAX86915 RED
139,366801.0,MAX86915 IR
139,361694.0,MAX86915 RED
140,366810.0,MAX86915 IR
140,361686.0,MAX86915 RED
141,366781.0,MAX86915 IR
141,361642.0,MAX86915 RED
142,366758.0,MAX86915 IR
142,361576.0,MAX86915 RED
143,366752.0,MAX86915 IR
143,361512.0,MAX86915 RED
144,366714.0,MAX86915 IR
144,361497.0,MAX86915 RED
145,366734.0,MAX86915 IR
145,361480.0,MAX86915 RED
146,366713.0,MAX86915 IR
146,361458.0,MAX86915 RED
147,366713.0,MAX86915 IR
147,361459.0,MAX86915 RED
148,366726.0,MAX86915 IR
148,361410.0,MAX86915 RED
149,366751.0,MAX86915 IR
149,361404.0,MAX86915 RED
150,366787.0,MAX86915 IR
150,361409.0,MAX86915 RED
151,366788.0,MAX86915 IR
151,361452.0,MAX86915 RED
152,366815.0,MAX86915 IR
152,361496.0,MAX86915 RED
153,366870.0,MAX86915 IR
153,361472.0,MAX86915 RED
154,366872.0,MAX86915 IR
154,361508.0,MAX86915 RED
155,366944.0,MAX86915 IR
155,361549.0,MAX86915 RED
156,366970.0,MAX86915 IR
156,361489.0,MAX86915 RED
157,366985.0,MAX86915 IR
157,361497.0,MAX86915 RED
158,366976.0,MAX86915 IR
158,361471.0,MAX86915 RED
159,366954.0,MAX86915 IR
159,361414.0,MAX86915 RED
160,366955.0,MAX86915 IR
160,361412.0,MAX86915 RED
161,366927.0,MAX86915 IR
161,361401.0,MAX86915 RED
162,366938.0,MAX86915 IR
162,361328.0,MAX86915 RED
163,366938.0,MAX86915 IR
163,361314.0,MAX86915 RED
164,366940.0,MAX86915 IR
164,361313.0,MAX86915 RED
165,366937.0,MAX86915 IR
165,361276.0,MAX86915 RED
166,366907.0,MAX86915 IR
166,361257.0,MAX86915 RED
167,366935.0,MAX86915 IR
167,361254.0,MAX86915 RED
168,366933.0,MAX86915 IR
168,361212.0,MAX86915 RED
169,366910.0,MAX86915 IR
169,361181.0,MAX86915 RED
170,366930.0,MAX86915 IR
170,361153.0,MAX86915 RED
171,366916.0,MAX86915 IR
171,361170.0,MAX86915 RED
172,366978.0,MAX86915 IR
172,361232.0,MAX86915 RED
173,367044.0,MAX86915 IR
173,361240.0,MAX86915 RED
174,367109.0,MAX86915 IR
174,361194.0,MAX86915 RED
175,367179.0,MAX86915 IR
175,361254.0,MAX86915 RED
176,367187.0,MAX86915 IR
176,361256.0,MAX86915 RED
177,367211.0,MAX86915 IR
177,361264.0,MAX86915 RED
178,367244.0,MAX86915 IR
178,361236.0,MAX86915 RED
179,367243.0,MAX86915 IR
179,361193.0,MAX86915 RED
180,367216.0,MAX86915 IR
180,361173.0,MAX86915 RED
181,367195.0,MAX86915 IR
181,361152.0,MAX86915 RED
182,367189.0,MAX86915 IR
182,361114.0,MAX86915 RED
183,367236.0,MAX86915 IR
183,361156.0,MAX86915 RED
184,367315.0,MAX86915 IR
184,361216.0,MAX86915 RED
185,367333.0,MAX86915 IR
185,361195.0,MAX86915 RED
186,367372.0,MAX86915 IR
186,361182.0,MAX86915 RED
187,367414.0,MAX86915 IR
187,361202.0,MAX86915 RED
188,367440.0,MAX86915 IR
188,361117.0,MAX86915 RED
189,367407.0,MAX86915 IR
189,361128.0,MAX86915 RED
190,367428.0,MAX86915 IR
190,361124.0,MAX86915 RED
191,367443.0,MAX86915 IR
191,361125.0,MAX86915 RED
192,367510.0,MAX86915 IR
192,361152.0,MAX86915 RED
193,367495.0,MAX86915 IR
193,361138.0,MAX86915 RED
194,367537.0,MAX86915 IR
194,361110.0,MAX86915 RED
195,367579.0,MAX86915 IR
195,361110.0,MAX86915 RED
196,367533.0,MAX86915 IR
196,361090.0,MAX86915 RED
197,367396.0,MAX86915 IR
197,361048.0,MAX86915 RED
198,367193.0,MAX86915 IR
198,360858.0,MAX86915 RED
199,366852.0,MAX86915 IR
199,360629.0,MAX86915 RED
200,366456.0,MAX86915 IR
200,360386.0,MAX86915 RED
201,366122.0,MAX86915 IR
201,360201.0,MAX86915 RED
202,365828.0,MAX86915 IR
202,360083.0,MAX86915 RED
203,365573.0,MAX86915 IR
203,359890.0,MAX86915 RED
204,365354.0,MAX86915 IR
204,359756.0,MAX86915 RED
205,365212.0,MAX86915 IR
205,359637.0,MAX86915 RED
206,365065.0,MAX86915 IR
206,359564.0,MAX86915 RED
207,364998.0,MAX86915 IR
207,359532.0,MAX86915 RED
208,364901.0,MAX86915 IR
208,359438.0,MAX86915 RED
209,364902.0,MAX86915 IR
209,359460.0,MAX86915 RED
210,364877.0,MAX86915 IR
210,359380.0,MAX86915 RED
211,364869.0,MAX86915 IR
211,359389.0,MAX86915 RED
212,364882.0,MAX86915 IR
212,359328.0,MAX86915 RED
213,364852.0,MAX86915 IR
213,359389.0,MAX86915 RED
214,364815.0,MAX86915 IR
214,359317.0,MAX86915 RED
215,364818.0,MAX86915 IR
215,359328.0,MAX86915 RED
216,364848.0,MAX86915 IR
216,359316.0,MAX86915 RED
217,364789.0,MAX86915 IR
217,359292.0,MAX86915 RED
218,364801.0,MAX86915 IR
218,359255.0,MAX86915 RED
219,364773.0,MAX86915 IR
219,359248.0,MAX86915 RED
220,364771.0,MAX86915 IR
220,359172.0,MAX86915 RED
221,364763.0,MAX86915 IR
221,359188.0,MAX86915 RED
222,364793.0,MAX86915 IR
222,359207.0,MAX86915 RED
223,364829.0,MAX86915 IR
223,359227.0,MAX86915 RED
224,364864.0,MAX86915 IR
224,359213.0,MAX86915 RED
225,364922.0,MAX86915 IR
225,359276.0,MAX86915 RED
226,364923.0,MAX86915 IR
226,359245.0,MAX86915 RED
227,364943.0,MAX86915 IR
227,359257.0,MAX86915 RED
228,364906.0,MAX86915 IR
228,359197.0,MAX86915 RED
229,364873.0,MAX86915 IR
229,359132.0,MAX86915 RED
230,364802.0,MAX86915 IR
230,359109.0,MAX86915 RED
231,364728.0,MAX86915 IR
231,359059.0,MAX86915 RED
232,364696.0,MAX86915 IR
232,358993.0,MAX86915 RED
233,364665.0,MAX86915 IR
233,358935.0,MAX86915 RED
234,364618.0,MAX86915 IR
234,358945.0,MAX86915 RED
235,364674.0,MAX86915 IR
235,358956.0,MAX86915 RED
236,364654.0,MAX86915 IR
236,358921.0,MAX86915 RED
237,364742.0,MAX86915 IR
237,358982.0,MAX86915 RED
238,364773.0,MAX86915 IR
238,359053.0,MAX86915 RED
239,364843.0,MAX86915 IR
239,359068.0,MAX86915 RED
240,364947.0,MAX86915 IR
240,359112.0,MAX86915 RED
241,364997.0,MAX86915 IR
241,359159.0,MAX86915 RED
242,365052.0,MAX86915 IR
242,359184.0,MAX86915 RED
243,365136.0,MAX86915 IR
243,359289.0,MAX86915 RED
244,365178.0,MAX86915 IR
244,359261.0,MAX86915 RED
245,365198.0,MAX86915 IR
245,359248.0,MAX86915 RED
246,365232.0,MAX86915 IR
246,359265.0,MAX86915 RED
247,365208.0,MAX86915 IR
247,359266.0,MAX86915 RED
248,365198.0,MAX86915 IR
248,359238.0,MAX86915 RED
249,365258.0,MAX86915 IR
249,359190.0,MAX86915 RED
250,365249.0,MAX86915 IR
250,359203.0,MAX86915 RED
251,365251.0,MAX86915 IR
251,359194.0,MAX86915 RED
252,365315.0,MAX86915 IR
252,359214.0,MAX86915 RED
253,365342.0,MAX86915 IR
253,359215.0,MAX86915 RED
254,365408.0,MAX86915 IR
254,359259.0,MAX86915 RED
255,365432.0,MAX86915 IR
255,359270.0,MAX86915 RED
256,365521.0,MAX86915 IR
256,359294.0,MAX86915 RED
257,365508.0,MAX86915 IR
257,359312.0,MAX86915 RED
258,365525.0,MAX86915 IR
258,359270.0,MAX86915 RED
259,365528.0,MAX86915 IR
259,359272.0,MAX86915 RED
260,365491.0,MAX86915 IR
260,359220.0,MAX86915 RED
261,365491.0,MAX86915 IR
261,359206.0,MAX86915 RED
262,365470.0,MAX86915 IR
262,359190.0,MAX86915 RED
263,365518.0,MAX86915 IR
263,359203.0,MAX86915 RED
264,365525.0,MAX86915 IR
264,359190.0,MAX86915 RED
265,365539.0,MAX86915 IR
265,359139.0,MAX86915 RED
266,365539.0,MAX86915 IR
266,359148.0,MAX86915 RED
267,365562.0,MAX86915 IR
267,359157.0,MAX86915 RED
268,365582.0,MAX86915 IR
268,359173.0,MAX86915 RED
269,365567.0,MAX86915 IR
269,359170.0,MAX86915 RED
270,365537.0,MAX86915 IR
270,359074.0,MAX86915 RED
271,365526.0,MAX86915 IR
271,359092.0,MAX86915 RED
272,365492.0,MAX86915 IR
272,359036.0,MAX86915 RED
273,365499.0,MAX86915 IR
273,359001.0,MAX86915 RED
274,365497.0,MAX86915 IR
274,359010.0,MAX86915 RED
275,365526.0,MAX86915 IR
275,359043.0,MAX86915 RED
276,365597.0,MAX86915 IR
276,359044.0,MAX86915 RED
277,365625.0,MAX86915 IR
277,359068.0,MAX86915 RED
278,365642.0,MAX86915 IR
278,359057.0,MAX86915 RED
279,365663.0,MAX86915 IR
279,359068.0,MAX86915 RED
280,365667.0,MAX86915 IR
280,359046.0,MAX86915 RED
281,365622.0,MAX86915 IR
281,358971.0,MAX86915 RED
282,365601.0,MAX86915 IR
282,359020.0,MAX86915 RED
283,365606.0,MAX86915 IR
283,358948.0,MAX86915 RED
284,365629.0,MAX86915 IR
284,358947.0,MAX86915 RED
285,365680.0,MAX86915 IR
285,358946.0,MAX86915 RED
286,365698.0,MAX86915 IR
286,358940.0,MAX86915 RED
287,365754.0,MAX86915 IR
287,359004.0,MAX86915 RED
288,365771.0,MAX86915 IR
288,359034.0,MAX86915 RED
289,365849.0,MAX86915 IR
289,359009.0,MAX86915 RED
290,365902.0,MAX86915 IR
290,359088.0,MAX86915 RED
291,365927.0,MAX86915 IR
291,359095.0,MAX86915 RED
292,365947.0,MAX86915 IR
292,359126.0,MAX86915 RED
293,365964.0,MAX86915 IR
293,359048.0,MAX86915 RED
294,365991.0,MAX86915 IR
294,359086.0,MAX86915 RED
295,366002.0,MAX86915 IR
295,359008.0,MAX86915 RED
296,366036.0,MAX86915 IR
296,359046.0,MAX86915 RED
297,366001.0,MAX86915 IR
297,359023.0,MAX86915 RED
298,366012.0,MAX86915 IR
298,359009.0,MAX86915 RED
299,366043.0,MAX86915 IR
299,359008.0,MAX86915 RED
300,366058.0,MAX86915 IR
300,359039.0,MAX86915 RED
301,366074.0,MAX86915 IR
301,359005.0,MAX86915 RED
302,366141.0,MAX86915 IR
302,359037.0,MAX86915 RED
303,366196.0,MAX86915 IR
303,359054.0,MAX86915 RED
304,366231.0,MAX86915 IR
304,359071.0,MAX86915 RED
305,366303.0,MAX86915 IR
305,359099.0,MAX86915 RED
306,366365.0,MAX86915 IR
306,359136.0,MAX86915 RED
307,366408.0,MAX86915 IR
307,359142.0,MAX86915 RED
308,366424.0,MAX86915 IR
308,359185.0,MAX86915 RED
309,366435.0,MAX86915 IR
309,359164.0,MAX86915 RED
310,366423.0,MAX86915 IR
310,359132.0,MAX86915 RED
311,366392.0,MAX86915 IR
311,359126.0,MAX86915 RED
312,366440.0,MAX86915 IR
312,359171.0,MAX86915 RED
313,366479.0,MAX86915 IR
313,359162.0,MAX86915 RED
314,366499.0,MAX86915 IR
314,359131.0,MAX86915 RED
315,366560.0,MAX86915 IR
315,359121.0,MAX86915 RED
316,366564.0,MAX86915 IR
316,359167.0,MAX86915 RED
317,366580.0,MAX86915 IR
317,359142.0,MAX86915 RED
318,366576.0,MAX86915 IR
318,359069.0,MAX86915 RED
319,366584.0,MAX86915 IR
319,359094.0,MAX86915 RED
320,366521.0,MAX86915 IR
320,359039.0,MAX86915 RED
321,366517.0,MAX86915 IR
321,359010.0,MAX86915 RED
322,366477.0,MAX86915 IR
322,359017.0,MAX86915 RED
323,366512.0,MAX86915 IR
323,359002.0,MAX86915 RED
324,366503.0,MAX86915 IR
324,358985.0,MAX86915 RED
325,366509.0,MAX86915 IR
325,358981.0,MAX86915 RED
326,366485.0,MAX86915 IR
326,358929.0,MAX86915 RED
327,366530.0,MAX86915 IR
327,358922.0,MAX86915 RED
328,366552.0,MAX86915 IR
328,358965.0,MAX86915 RED
329,366568.0,MAX86915 IR
329,358930.0,MAX86915 RED
330,366605.0,MAX86915 IR
330,358937.0,MAX86915 RED
331,366673.0,MAX86915 IR
331,359017.0,MAX86915 RED
332,366771.0,MAX86915 IR
332,359023.0,MAX86915 RED
333,366835.0,MAX86915 IR
333,359098.0,MAX86915 RED
334,366898.0,MAX86915 IR
334,359117.0,MAX86915 RED
335,366970.0,MAX86915 IR
335,359166.0,MAX86915 RED
336,367041.0,MAX86915 IR
336,359231.0,MAX86915 RED
337,367115.0,MAX86915 IR
337,359225.0,MAX86915 RED
338,367148.0,MAX86915 IR
338,359239.0,MAX86915 RED
339,367084.0,MAX86915 IR
339,359181.0,MAX86915 RED
340,366980.0,MAX86915 IR
340,359189.0,MAX86915 RED
341,366678.0,MAX86915 IR
341,358953.0,MAX86915 RED
342,366319.0,MAX86915 IR
342,358800.0,MAX86915 RED
343,365984.0,MAX86915 IR
343,358585.0,MAX86915 RED
344,365679.0,MAX86915 IR
344,358398.0,MAX86915 RED
345,365403.0,MAX86915 IR
345,358239.0,MAX86915 RED
346,365249.0,MAX86915 IR
346,358179.0,MAX86915 RED
347,365072.0,MAX86915 IR
347,358068.0,MAX86915 RED
348,364975.0,MAX86915 IR
348,358044.0,MAX86915 RED
349,364888.0,MAX86915 IR
349,358030.0,MAX86915 RED
350,364868.0,MAX86915 IR
350,357965.0,MAX86915 RED
351,364839.0,MAX86915 IR
351,357967.0,MAX86915 RED
352,364796.0,MAX86915 IR
352,357928.0,MAX86915 RED
353,364840.0,MAX86915 IR
353,357893.0,MAX86915 RED
354,364844.0,MAX86915 IR
354,357914.0,MAX86915 RED
355,364820.0,MAX86915 IR
355,357887.0,MAX86915 RED
356,364872.0,MAX86915 IR
356,357854.0,MAX86915 RED
357,364847.0,MAX86915 IR
357,357855.0,MAX86915 RED
358,364859.0,MAX86915 IR
358,357835.0,MAX86915 RED
359,364848.0,MAX86915 IR
359,357812.0,MAX86915 RED
360,364829.0,MAX86915 IR
360,357812.0,MAX86915 RED
361,364834.0,MAX86915 IR
361,357840.0,MAX86915 RED
362,364872.0,MAX86915 IR
362,357817.0,MAX86915 RED
363,364891.0,MAX86915 IR
363,357816.0,MAX86915 RED
364,364912.0,MAX86915 IR
364,357828.0,MAX86915 RED
365,364902.0,MAX86915 IR
365,357853.0,MAX86915 RED
366,364896.0,MAX86915 IR
366,357846.0,MAX86915 RED
367,364952.0,MAX86915 IR
367,357804.0,MAX86915 RED
368,364914.0,MAX86915 IR
368,357829.0,MAX86915 RED
369,364951.0,MAX86915 IR
369,357772.0,MAX86915 RED
370,364898.0,MAX86915 IR
370,357753.0,MAX86915 RED
371,364868.0,MAX86915 IR
371,357690.0,MAX86915 RED
372,364820.0,MAX86915 IR
372,357647.0,MAX86915 RED
373,364794.0,MAX86915 IR
373,357617.0,MAX86915 RED
374,364729.0,MAX86915 IR
374,357513.0,MAX86915 RED
375,364688.0,MAX86915 IR
375,357512.0,MAX86915 RED
376,364694.0,MAX86915 IR
376,357543.0,MAX86915 RED
377,364715.0,MAX86915 IR
377,357560.0,MAX86915 RED
378,364681.0,MAX86915 IR
378,357554.0,MAX86915 RED
379,364693.0,MAX86915 IR
379,357536.0,MAX86915 RED
380,364673.0,MAX86915 IR
380,357507.0,MAX86915 RED
381,364632.0,MAX86915 IR
381,357493.0,MAX86915 RED
382,364659.0,MAX86915 IR
382,357406.0,MAX86915 RED
383,364617.0,MAX86915 IR
383,357433.0,MAX86915 RED
384,364619.0,MAX86915 IR
384,357381.0,MAX86915 RED
385,364622.0,MAX86915 IR
385,357432.0,MAX86915 RED
386,364638.0,MAX86915 IR
386,357388.0,MAX86915 RED
387,364683.0,MAX86915 IR
387,357379.0,MAX86915 RED
388,364721.0,MAX86915 IR
388,357410.0,MAX86915 RED
389,364723.0,MAX86915 IR
389,357427.0,MAX86915 RED
390,364771.0,MAX86915 IR
390,357426.0,MAX86915 RED
391,364801.0,MAX86915 IR
391,357436.0,MAX86915 RED
392,364893.0,MAX86915 IR
392,357454.0,MAX86915 RED
393,364897.0,MAX86915 IR
393,357451.0,MAX86915 RED
394,364956.0,MAX86915 IR
394,357519.0,MAX86915 RED
395,365009.0,MAX86915 IR
395,357486.0,MAX86915 RED
396,365047.0,MAX86915 IR
396,357522.0,MAX86915 RED
397,365115.0,MAX86915 IR
397,357546.0,MAX86915 RED
398,365118.0,MAX86915 IR
398,357546.0,MAX86915 RED
399,365154.0,MAX86915 IR
399,357536.0,MAX86915 RED
400,365147.0,MAX86915 IR
400,357512.0,MAX86915 RED
401,365133.0,MAX86915 IR
401,357479.0,MAX86915 RED
402,365107.0,MAX86915 IR
402,357486.0,MAX86915 RED
403,365060.0,MAX86915 IR
403,357449.0,MAX86915 RED
404,365116.0,MAX86915 IR
404,357474.0,MAX86915 RED
405,365121.0,MAX86915 IR
405,357467.0,MAX86915 RED
406,365163.0,MAX86915 IR
406,357463.0,MAX86915 RED
407,365194.0,MAX86915 IR
407,357478.0,MAX86915 RED
408,365208.0,MAX86915 IR
408,357477.0,MAX86915 RED
409,365203.0,MAX86915 IR
409,357443.0,MAX86915 RED
410,365236.0,MAX86915 IR
410,357418.0,MAX86915 RED
411,365229.0,MAX86915 IR
411,357420.0,MAX86915 RED
412,365258.0,MAX86915 IR
412,357448.0,MAX86915 RED
413,365251.0,MAX86915 IR
413,357482.0,MAX86915 RED
414,365234.0,MAX86915 IR
414,357435.0,MAX86915 RED
415,365289.0,MAX86915 IR
415,357435.0,MAX86915 RED
416,365275.0,MAX86915 IR
416,357434.0,MAX86915 RED
417,365314.0,MAX86915 IR
417,357437.0,MAX86915 RED
418,365301.0,MAX86915 IR
418,357465.0,MAX86915 RED
419,365324.0,MAX86915 IR
419,357431.0,MAX86915 RED
420,365390.0,MAX86915 IR
420,357463.0,MAX86915 RED
421,365431.0,MAX86915 IR
421,357462.0,MAX86915 RED
422,365489.0,MAX86915 IR
422,357516.0,MAX86915 RED
423,365524.0,MAX86915 IR
423,357511.0,MAX86915 RED
424,365604.0,MAX86915 IR
424,357530.0,MAX86915 RED
425,365655.0,MAX86915 IR
425,357603.0,MAX86915 RED
426,365739.0,MAX86915 IR
426,357598.0,MAX86915 RED
427,365740.0,MAX86915 IR
427,357634.0,MAX86915 RED
428,365757.0,MAX86915 IR
428,357653.0,MAX86915 RED
429,365767.0,MAX86915 IR
429,357630.0,MAX86915 RED
430,365798.0,MAX86915 IR
430,357591.0,MAX86915 RED
431,365841.0,MAX86915 IR
431,357671.0,MAX86915 RED
432,365881.0,MAX86915 IR
432,357719.0,MAX86915 RED
433,365976.0,MAX86915 IR
433,357744.0,MAX86915 RED
434,366071.0,MAX86915 IR
434,357776.0,MAX86915 RED
435,366151.0,MAX86915 IR
435,357898.0,MAX86915 RED
436,366226.0,MAX86915 IR
436,357910.0,MAX86915 RED
437,366281.0,MAX86915 IR
437,357898.0,MAX86915 RED
438,366365.0,MAX86915 IR
438,357979.0,MAX86915 RED
439,366495.0,MAX86915 IR
439,358126.0,MAX86915 RED
440,366612.0,MAX86915 IR
440,358199.0,MAX86915 RED
441,366805.0,MAX86915 IR
441,358344.0,MAX86915 RED
442,366854.0,MAX86915 IR
442,358337.0,MAX86915 RED
443,366981.0,MAX86915 IR
443,358344.0,MAX86915 RED
444,366930.0,MAX86915 IR
444,358329.0,MAX86915 RED
445,366997.0,MAX86915 IR
445,358308.0,MAX86915 RED
446,366994.0,MAX86915 IR
446,358324.0,MAX86915 RED
447,367018.0,MAX86915 IR
447,358284.0,MAX86915 RED
448,366988.0,MAX86915 IR
448,358217.0,MAX86915 RED
449,366985.0,MAX86915 IR
449,358233.0,MAX86915 RED
450,367037.0,MAX86915 IR
450,358221.0,MAX86915 RED
451,367096.0,MAX86915 IR
451,358306.0,MAX86915 RED
452,367196.0,MAX86915 IR
452,358280.0,MAX86915 RED
453,367193.0,MAX86915 IR
453,358260.0,MAX86915 RED
454,367175.0,MAX86915 IR
454,358244.0,MAX86915 RED
455,367084.0,MAX86915 IR
455,358079.0,MAX86915 RED
456,367006.0,MAX86915 IR
456,358003.0,MAX86915 RED
457,366960.0,MAX86915 IR
457,357989.0,MAX86915 RED
458,366923.0,MAX86915 IR
458,357924.0,MAX86915 RED
459,366867.0,MAX86915 IR
459,357834.0,MAX86915 RED
460,366778.0,MAX86915 IR
460,357779.0,MAX86915 RED
461,366745.0,MAX86915 IR
461,357720.0,MAX86915 RED
462,366698.0,MAX86915 IR
462,357685.0,MAX86915 RED
463,366619.0,MAX86915 IR
463,357522.0,MAX86915 RED
464,366526.0,MAX86915 IR
464,357407.0,MAX86915 RED
465,366400.0,MAX86915 IR
465,357342.0,MAX86915 RED
466,366323.0,MAX86915 IR
466,357342.0,MAX86915 RED
467,366273.0,MAX86915 IR
467,357240.0,MAX86915 RED
468,366188.0,MAX86915 IR
468,357130.0,MAX86915 RED
469,366081.0,MAX86915 IR
469,357048.0,MAX86915 RED
470,366069.0,MAX86915 IR
470,357020.0,MAX86915 RED
471,366085.0,MAX86915 IR
471,357052.0,MAX86915 RED
472,366120.0,MAX86915 IR
472,357074.0,MAX86915 RED
473,366154.0,MAX86915 IR
473,357129.0,MAX86915 RED
474,366195.0,MAX86915 IR
474,357184.0,MAX86915 RED
475,366181.0,MAX86915 IR
475,357101.0,MAX86915 RED
476,366054.0,MAX86915 IR
476,356983.0,MAX86915 RED
477,365952.0,MAX86915 IR
477,356855.0,MAX86915 RED
478,365787.0,MAX86915 IR
478,356786.0,MAX86915 RED
479,365653.0,MAX86915 IR
479,356610.0,MAX86915 RED
480,365442.0,MAX86915 IR
480,356519.0,MAX86915 RED
481,365234.0,MAX86915 IR
481,356326.0,MAX86915 RED
482,364946.0,MAX86915 IR
482,356014.0,MAX86915 RED
483,364586.0,MAX86915 IR
483,355705.0,MAX86915 RED
484,364293.0,MAX86915 IR
484,355481.0,MAX86915 RED
485,363979.0,MAX86915 IR
485,355357.0,MAX86915 RED
486,363778.0,MAX86915 IR
486,355186.0,MAX86915 RED
487,363585.0,MAX86915 IR
487,355127.0,MAX86915 RED
488,363445.0,MAX86915 IR
488,355010.0,MAX86915 RED
489,363323.0,MAX86915 IR
489,354982.0,MAX86915 RED
490,363205.0,MAX86915 IR
490,354881.0,MAX86915 RED
491,363091.0,MAX86915 IR
491,354810.0,MAX86915 RED
492,362961.0,MAX86915 IR
492,354759.0,MAX86915 RED
493,362846.0,MAX86915 IR
493,354663.0,MAX86915 RED
494,362749.0,MAX86915 IR
494,354552.0,MAX86915 RED
495,362689.0,MAX86915 IR
495,354487.0,MAX86915 RED
496,362631.0,MAX86915 IR
496,354442.0,MAX86915 RED
497,362636.0,MAX86915 IR
497,354461.0,MAX86915 RED
498,362676.0,MAX86915 IR
498,354441.0,MAX86915 RED
499,362696.0,MAX86915 IR
499,354490.0,MAX86915 RED
500,362676.0,MAX86915 IR
500,354486.0,MAX86915 RED
501,362646.0,MAX86915 IR
501,354409.0,MAX86915 RED
502,362490.0,MAX86915 IR
502,354323.0,MAX86915 RED
503,362441.0,MAX86915 IR
503,354212.0,MAX86915 RED
504,362406.0,MAX86915 IR
504,354213.0,MAX86915 RED
505,362365.0,MAX86915 IR
505,354183.0,MAX86915 RED
506,362396.0,MAX86915 IR
506,354134.0,MAX86915 RED
507,362355.0,MAX86915 IR
507,354150.0,MAX86915 RED
508,362324.0,MAX86915 IR
508,354095.0,MAX86915 RED
509,362315.0,MAX86915 IR
509,354072.0,MAX86915 RED
510,362313.0,MAX86915 IR
510,354091.0,MAX86915 RED
511,362296.0,MAX86915 IR
511,354042.0,MAX86915 RED
512,362301.0,MAX86915 IR
512,354094.0,MAX86915 RED
513,362268.0,MAX86915 IR
513,354071.0,MAX86915 RED
514,362237.0,MAX86915 IR
514,354018.0,MAX86915 RED
515,362191.0,MAX86915 IR
515,353993.0,MAX86915 RED
516,362108.0,MAX86915 IR
516,353928.0,MAX86915 RED
517,361984.0,MAX86915 IR
517,353836.0,MAX86915 RED
518,361924.0,MAX86915 IR
518,353810.0,MAX86915 RED
519,361857.0,MAX86915 IR
519,353720.0,MAX86915 RED
520,361872.0,MAX86915 IR
520,353738.0,MAX86915 RED
521,361869.0,MAX86915 IR
521,353702.0,MAX86915 RED
522,361894.0,MAX86915 IR
522,353761.0,MAX86915 RED
523,361868.0,MAX86915 IR
523,353735.0,MAX86915 RED
524,361836.0,MAX86915 IR
524,353741.0,MAX86915 RED
525,361853.0,MAX86915 IR
525,353705.0,MAX86915 RED
526,361804.0,MAX86915 IR
526,353670.0,MAX86915 RED
527,361814.0,MAX86915 IR
527,353664.0,MAX86915 RED
528,361774.0,MAX86915 IR
528,353630.0,MAX86915 RED
529,361782.0,MAX86915 IR
529,353612.0,MAX86915 RED
530,361755.0,MAX86915 IR
530,353559.0,MAX86915 RED
531,361699.0,MAX86915 IR
531,353560.0,MAX86915 RED
532,361692.0,MAX86915 IR
532,353535.0,MAX86915 RED
533,361683.0,MAX86915 IR
533,353472.0,MAX86915 RED
534,361632.0,MAX86915 IR
534,353435.0,MAX86915 RED
535,361706.0,MAX86915 IR
535,353523.0,MAX86915 RED
536,361734.0,MAX86915 IR
536,353532.0,MAX86915 RED
537,361760.0,MAX86915 IR
537,353522.0,MAX86915 RED
538,361799.0,MAX86915 IR
538,353569.0,MAX86915 RED
539,361870.0,MAX86915 IR
539,353592.0,MAX86915 RED
540,361825.0,MAX86915 IR
540,353536.0,MAX86915 RED
541,361840.0,MAX86915 IR
541,353519.0,MAX86915 RED
542,361867.0,MAX86915 IR
542,353520.0,MAX86915 RED
543,361865.0,MAX86915 IR
543,353537.0,MAX86915 RED
544,361852.0,MAX86915 IR
544,353505.0,MAX86915 RED
545,361863.0,MAX86915 IR
545,353538.0,MAX86915 RED
546,361895.0,MAX86915 IR
546,353533.0,MAX86915 RED
547,361913.0,MAX86915 IR
547,353564.0,MAX86915 RED
548,361922.0,MAX86915 IR
548,353549.0,MAX86915 RED
549,361955.0,MAX86915 IR
549,353570.0,MAX86915 RED
550,361964.0,MAX86915 IR
550,353555.0,MAX86915 RED
551,361978.0,MAX86915 IR
551,353576.0,MAX86915 RED
552,361986.0,MAX86915 IR
552,353566.0,MAX86915 RED
553,361974.0,MAX86915 IR
553,353577.0,MAX86915 RED
554,361960.0,MAX86915 IR
554,353516.0,MAX86915 RED
555,361921.0,MAX86915 IR
555,353508.0,MAX86915 RED
556,361911.0,MAX86915 IR
556,353512.0,MAX86915 RED
557,361940.0,MAX86915 IR
557,353514.0,MAX86915 RED
558,361952.0,MAX86915 IR
558,353500.0,MAX86915 RED
559,361990.0,MAX86915 IR
559,353554.0,MAX86915 RED
560,362062.0,MAX86915 IR
560,353593.0,MAX86915 RED
561,362091.0,MAX86915 IR
561,353626.0,MAX86915 RED
562,362143.0,MAX86915 IR
562,353712.0,MAX86915 RED
563,362176.0,MAX86915 IR
563,353713.0,MAX86915 RED
564,362189.0,MAX86915 IR
564,353748.0,MAX86915 RED
565,362201.0,MAX86915 IR
565,353698.0,MAX86915 RED
566,362139.0,MAX86915 IR
566,353687.0,MAX86915 RED
567,362139.0,MAX86915 IR
567,353644.0,MAX86915 RED
568,362105.0,MAX86915 IR
568,353628.0,MAX86915 RED
569,362091.0,MAX86915 IR
569,353618.0,MAX86915 RED
570,362083.0,MAX86915 IR
570,353576.0,MAX86915 RED
571,362099.0,MAX86915 IR
571,353592.0,MAX86915 RED
572,362121.0,MAX86915 IR
572,353549.0,MAX86915 RED
573,362157.0,MAX86915 IR
573,353598.0,MAX86915 RED
574,362150.0,MAX86915 IR
574,353573.0,MAX86915 RED
575,362152.0,MAX86915 IR
575,353552.0,MAX86915 RED
576,362114.0,MAX86915 IR
576,353573.0,MAX86915 RED
577,362106.0,MAX86915 IR
577,353536.0,MAX86915 RED
578,362138.0,MAX86915 IR
578,353560.0,MAX86915 RED
579,362157.0,MAX86915 IR
579,353512.0,MAX86915 RED
580,362201.0,MAX86915 IR
580,353539.0,MAX86915 RED
581,362197.0,MAX86915 IR
581,353551.0,MAX86915 RED
582,362204.0,MAX86915 IR
582,353523.0,MAX86915 RED
583,362242.0,MAX86915 IR
583,353535.0,MAX86915 RED
584,362268.0,MAX86915 IR
584,353586.0,MAX86915 RED
585,362314.0,MAX86915 IR
585,353586.0,MAX86915 RED
586,362336.0,MAX86915 IR
586,353586.0,MAX86915 RED
587,362353.0,MAX86915 IR
587,353621.0,MAX86915 RED
588,362397.0,MAX86915 IR
588,353561.0,MAX86915 RED
589,362361.0,MAX86915 IR
589,353573.0,MAX86915 RED
590,362380.0,MAX86915 IR
590,353554.0,MAX86915 RED
591,362407.0,MAX86915 IR
591,353538.0,MAX86915 RED
592,362429.0,MAX86915 IR
592,353473.0,MAX86915 RED
593,362448.0,MAX86915 IR
593,353529.0,MAX86915 RED
594,362501.0,MAX86915 IR
594,353605.0,MAX86915 RED
595,362575.0,MAX86915 IR
595,353712.0,MAX86915 RED
596,362660.0,MAX86915 IR
596,353732.0,MAX86915 RED
597,362753.0,MAX86915 IR
597,353852.0,MAX86915 RED
598,362832.0,MAX86915 IR
598,353899.0,MAX86915 RED
599,362875.0,MAX86915 IR
599,353890.0,MAX86915 RED
600,362844.0,MAX86915 IR
600,353907.0,MAX86915 RED
601,362883.0,MAX86915 IR
601,353825.0,MAX86915 RED
602,362924.0,MAX86915 IR
602,353847.0,MAX86915 RED
603,362923.0,MAX86915 IR
603,353879.0,MAX86915 RED
604,362962.0,MAX86915 IR
604,353878.0,MAX86915 RED
605,362972.0,MAX86915 IR
605,353896.0,MAX86915 RED
606,363019.0,MAX86915 IR
606,353918.0,MAX86915 RED
607,362986.0,MAX86915 IR
607,353898.0,MAX86915 RED
608,362978.0,MAX86915 IR
608,353877.0,MAX86915 RED
609,362933.0,MAX86915 IR
609,353873.0,MAX86915 RED
610,362839.0,MAX86915 IR
610,353847.0,MAX86915 RED
611,362690.0,MAX86915 IR
611,353738.0,MAX86915 RED
612,362507.0,MAX86915 IR
612,353669.0,MAX86915 RED
613,362269.0,MAX86915 IR
613,353576.0,MAX86915 RED
614,362046.0,MAX86915 IR
614,353383.0,MAX86915 RED
615,361752.0,MAX86915 IR
615,353262.0,MAX86915 RED
616,361473.0,MAX86915 IR
616,353074.0,MAX86915 RED
617,361254.0,MAX86915 IR
617,352904.0,MAX86915 RED
618,360964.0,MAX86915 IR
618,352755.0,MAX86915 RED
619,360697.0,MAX86915 IR
619,352519.0,MAX86915 RED
620,360401.0,MAX86915 IR
620,352303.0,MAX86915 RED
621,360252.0,MAX86915 IR
621,352189.0,MAX86915 RED
622,360203.0,MAX86915 IR
622,352153.0,MAX86915 RED
623,360202.0,MAX86915 IR
623,352165.0,MAX86915 RED
624,360236.0,MAX86915 IR
624,352247.0,MAX86915 RED
625,360300.0,MAX86915 IR
625,352321.0,MAX86915 RED
626,360382.0,MAX86915 IR
626,352342.0,MAX86915 RED
627,360391.0,MAX86915 IR
627,352346.0,MAX86915 RED
628,360413.0,MAX86915 IR
628,352332.0,MAX86915 RED
629,360364.0,MAX86915 IR
629,352344.0,MAX86915 RED
630,360336.0,MAX86915 IR
630,352237.0,MAX86915 RED
631,360314.0,MAX86915 IR
631,352200.0,MAX86915 RED
632,360254.0,MAX86915 IR
632,352134.0,MAX86915 RED
633,360263.0,MAX86915 IR
633,352101.0,MAX86915 RED
634,360265.0,MAX86915 IR
634,352137.0,MAX86915 RED
635,360269.0,MAX86915 IR
635,352079.0,MAX86915 RED
636,360316.0,MAX86915 IR
636,352083.0,MAX86915 RED
637,360261.0,MAX86915 IR
637,352065.0,MAX86915 RED
638,360206.0,MAX86915 IR
638,352057.0,MAX86915 RED
639,360173.0,MAX86915 IR
639,352080.0,MAX86915 RED
640,360149.0,MAX86915 IR
640,351972.0,MAX86915 RED
641,360133.0,MAX86915 IR
641,351967.0,MAX86915 RED
642,360084.0,MAX86915 IR
642,351933.0,MAX86915 RED
643,359999.0,MAX86915 IR
643,351879.0,MAX86915 RED
644,359978.0,MAX86915 IR
644,351874.0,MAX86915 RED
645,359846.0,MAX86915 IR
645,351754.0,MAX86915 RED
646,359704.0,MAX86915 IR
646,351651.0,MAX86915 RED
647,359609.0,MAX86915 IR
647,351612.0,MAX86915 RED
648,359571.0,MAX86915 IR
648,351615.0,MAX86915 RED
649,359552.0,MAX86915 IR
649,351576.0,MAX86915 RED
650,359486.0,MAX86915 IR
650,351579.0,MAX86915 RED
651,359457.0,MAX86915 IR
651,351522.0,MAX86915 RED
652,359396.0,MAX86915 IR
652,351477.0,MAX86915 RED
653,359374.0,MAX86915 IR
653,351418.0,MAX86915 RED
654,359367.0,MAX86915 IR
654,351405.0,MAX86915 RED
655,359349.0,MAX86915 IR
655,351409.0,MAX86915 RED
656,359316.0,MAX86915 IR
656,351404.0,MAX86915 RED
657,359355.0,MAX86915 IR
657,351388.0,MAX86915 RED
658,359345.0,MAX86915 IR
658,351378.0,MAX86915 RED
659,359370.0,MAX86915 IR
659,351379.0,MAX86915 RED
660,359324.0,MAX86915 IR
660,351351.0,MAX86915 RED
661,359307.0,MAX86915 IR
661,351312.0,MAX86915 RED
662,359299.0,MAX86915 IR
662,351280.0,MAX86915 RED
663,359353.0,MAX86915 IR
663,351316.0,MAX86915 RED
664,359369.0,MAX86915 IR
664,351319.0,MAX86915 RED
665,359383.0,MAX86915 IR
665,351302.0,MAX86915 RED
666,359413.0,MAX86915 IR
666,351317.0,MAX86915 RED
667,359320.0,MAX86915 IR
667,351265.0,MAX86915 RED
668,359315.0,MAX86915 IR
668,351204.0,MAX86915 RED
669,359328.0,MAX86915 IR
669,351207.0,MAX86915 RED
670,359346.0,MAX86915 IR
670,351226.0,MAX86915 RED
671,359388.0,MAX86915 IR
671,351231.0,MAX86915 RED
672,359423.0,MAX86915 IR
672,351265.0,MAX86915 RED
673,359413.0,MAX86915 IR
673,351214.0,MAX86915 RED
674,359443.0,MAX86915 IR
674,351275.0,MAX86915 RED
675,359513.0,MAX86915 IR
675,351299.0,MAX86915 RED
676,359554.0,MAX86915 IR
676,351362.0,MAX86915 RED
677,359583.0,MAX86915 IR
677,351388.0,MAX86915 RED
678,359603.0,MAX86915 IR
678,351399.0,MAX86915 RED
679,359631.0,MAX86915 IR
679,351392.0,MAX86915 RED
680,359661.0,MAX86915 IR
680,351413.0,MAX86915 RED
681,359686.0,MAX86915 IR
681,351480.0,MAX86915 RED
682,359732.0,MAX86915 IR
682,351506.0,MAX86915 RED
683,359813.0,MAX86915 IR
683,351522.0,MAX86915 RED
684,359830.0,MAX86915 IR
684,351580.0,MAX86915 RED
685,359885.0,MAX86915 IR
685,351600.0,MAX86915 RED
686,359922.0,MAX86915 IR
686,351657.0,MAX86915 RED
687,359945.0,MAX86915 IR
687,351651.0,MAX86915 RED
688,359967.0,MAX86915 IR
688,351662.0,MAX86915 RED
689,360054.0,MAX86915 IR
689,351715.0,MAX86915 RED
690,360055.0,MAX86915 IR
690,351718.0,MAX86915 RED
691,360080.0,MAX86915 IR
691,351696.0,MAX86915 RED
692,360031.0,MAX86915 IR
692,351719.0,MAX86915 RED
693,360067.0,MAX86915 IR
693,351736.0,MAX86915 RED
694,360145.0,MAX86915 IR
694,351766.0,MAX86915 RED
695,360169.0,MAX86915 IR
695,351739.0,MAX86915 RED
696,360171.0,MAX86915 IR
696,351760.0,MAX86915 RED
697,360201.0,MAX86915 IR
697,351751.0,MAX86915 RED
698,360232.0,MAX86915 IR
698,351757.0,MAX86915 RED
699,360246.0,MAX86915 IR
699,351794.0,MAX86915 RED
700,360324.0,MAX86915 IR
700,351788.0,MAX86915 RED
701,360295.0,MAX86915 IR
701,351827.0,MAX86915 RED
702,360335.0,MAX86915 IR
702,351826.0,MAX86915 RED
703,360326.0,MAX86915 IR
703,351802.0,MAX86915 RED
704,360345.0,MAX86915 IR
704,351782.0,MAX86915 RED
705,360310.0,MAX86915 IR
705,351767.0,MAX86915 RED
706,360369.0,MAX86915 IR
706,351768.0,MAX86915 RED
707,360403.0,MAX86915 IR
707,351881.0,MAX86915 RED
708,360461.0,MAX86915 IR
708,351828.0,MAX86915 RED
709,360467.0,MAX86915 IR
709,351804.0,MAX86915 RED
710,360482.0,MAX86915 IR
710,351875.0,MAX86915 RED
711,360481.0,MAX86915 IR
711,351826.0,MAX86915 RED
712,360458.0,MAX86915 IR
712,351814.0,MAX86915 RED
713,360477.0,MAX86915 IR
713,351751.0,MAX86915 RED
714,360474.0,MAX86915 IR
714,351743.0,MAX86915 RED
715,360503.0,MAX86915 IR
715,351754.0,MAX86915 RED
716,360510.0,MAX86915 IR
716,351752.0,MAX86915 RED
717,360543.0,MAX86915 IR
717,351807.0,MAX86915 RED
718,360607.0,MAX86915 IR
718,351860.0,MAX86915 RED
719,360668.0,MAX86915 IR
719,351878.0,MAX86915 RED
720,360708.0,MAX86915 IR
720,351926.0,MAX86915 RED
721,360751.0,MAX86915 IR
721,351997.0,MAX86915 RED
722,360764.0,MAX86915 IR
722,351983.0,MAX86915 RED
723,360761.0,MAX86915 IR
723,351934.0,MAX86915 RED
724,360749.0,MAX86915 IR
724,351889.0,MAX86915 RED
725,360729.0,MAX86915 IR
725,351842.0,MAX86915 RED
726,360653.0,MAX86915 IR
726,351849.0,MAX86915 RED
727,360555.0,MAX86915 IR
727,351803.0,MAX86915 RED
728,360430.0,MAX86915 IR
728,351729.0,MAX86915 RED
729,360211.0,MAX86915 IR
729,351675.0,MAX86915 RED
730,359968.0,MAX86915 IR
730,351483.0,MAX86915 RED
731,359746.0,MAX86915 IR
731,351383.0,MAX86915 RED
732,359489.0,MAX86915 IR
732,351319.0,MAX86915 RED
733,359207.0,MAX86915 IR
733,351152.0,MAX86915 RED
734,358962.0,MAX86915 IR
734,350982.0,MAX86915 RED
735,358804.0,MAX86915 IR
735,350859.0,MAX86915 RED
736,358650.0,MAX86915 IR
736,350850.0,MAX86915 RED
737,358551.0,MAX86915 IR
737,350742.0,MAX86915 RED
738,358454.0,MAX86915 IR
738,350659.0,MAX86915 RED
739,358351.0,MAX86915 IR
739,350652.0,MAX86915 RED
740,358311.0,MAX86915 IR
740,350584.0,MAX86915 RED
741,358267.0,MAX86915 IR
741,350515.0,MAX86915 RED
742,358280.0,MAX86915 IR
742,350558.0,MAX86915 RED
743,358271.0,MAX86915 IR
743,350504.0,MAX86915 RED
744,358284.0,MAX86915 IR
744,350477.0,MAX86915 RED
745,358234.0,MAX86915 IR
745,350463.0,MAX86915 RED
746,358280.0,MAX86915 IR
746,350498.0,MAX86915 RED
747,358325.0,MAX86915 IR
747,350530.0,MAX86915 RED
748,358344.0,MAX86915 IR
748,350545.0,MAX86915 RED
749,358465.0,MAX86915 IR
749,350647.0,MAX86915 RED
750,358518.0,MAX86915 IR
750,350697.0,MAX86915 RED
751,358530.0,MAX86915 IR
751,350656.0,MAX86915 RED
752,358567.0,MAX86915 IR
752,350707.0,MAX86915 RED
753,358618.0,MAX86915 IR
753,350725.0,MAX86915 RED
754,358653.0,MAX86915 IR
754,350714.0,MAX86915 RED
755,358649.0,MAX86915 IR
755,350751.0,MAX86915 RED
756,358648.0,MAX86915 IR
756,350739.0,MAX86915 RED
757,358662.0,MAX86915 IR
757,350759.0,MAX86915 RED
758,358606.0,MAX86915 IR
758,350684.0,MAX86915 RED
759,358562.0,MAX86915 IR
759,350660.0,MAX86915 RED
760,358490.0,MAX86915 IR
760,350587.0,MAX86915 RED
761,358459.0,MAX86915 IR
761,350612.0,MAX86915 RED
762,358437.0,MAX86915 IR
762,350576.0,MAX86915 RED
763,358354.0,MAX86915 IR
763,350573.0,MAX86915 RED
764,358262.0,MAX86915 IR
764,350550.0,MAX86915 RED
765,358219.0,MAX86915 IR
765,350493.0,MAX86915 RED
766,358184.0,MAX86915 IR
766,350484.0,MAX86915 RED
767,358153.0,MAX86915 IR
767,350509.0,MAX86915 RED
768,358154.0,MAX86915 IR
768,350458.0,MAX86915 RED
769,358110.0,MAX86915 IR
769,350441.0,MAX86915 RED
770,358093.0,MAX86915 IR
770,350391.0,MAX86915 RED
771,358084.0,MAX86915 IR
771,350370.0,MAX86915 RED
772,358083.0,MAX86915 IR
772,350375.0,MAX86915 RED
773,358070.0,MAX86915 IR
773,350410.0,MAX86915 RED
774,358133.0,MAX86915 IR
774,350423.0,MAX86915 RED
775,358210.0,MAX86915 IR
775,350442.0,MAX86915 RED
776,358213.0,MAX86915 IR
776,350460.0,MAX86915 RED
777,358202.0,MAX86915 IR
777,350495.0,MAX86915 RED
778,358169.0,MAX86915 IR
778,350469.0,MAX86915 RED
779,358210.0,MAX86915 IR
779,350472.0,MAX86915 RED
780,358220.0,MAX86915 IR
780,350449.0,MAX86915 RED
781,358198.0,MAX86915 IR
781,350413.0,MAX86915 RED
782,358198.0,MAX86915 IR
782,350420.0,MAX86915 RED
783,358204.0,MAX86915 IR
783,350368.0,MAX86915 RED
784,358195.0,MAX86915 IR
784,350368.0,MAX86915 RED
785,358202.0,MAX86915 IR
785,350367.0,MAX86915 RED
786,358249.0,MAX86915 IR
786,350396.0,MAX86915 RED
787,358259.0,MAX86915 IR
787,350407.0,MAX86915 RED
788,358303.0,MAX86915 IR
788,350429.0,MAX86915 RED
789,358342.0,MAX86915 IR
789,350501.0,MAX86915 RED
790,358422.0,MAX86915 IR
790,350548.0,MAX86915 RED
791,358495.0,MAX86915 IR
791,350594.0,MAX86915 RED
792,358558.0,MAX86915 IR
792,350673.0,MAX86915 RED
793,358566.0,MAX86915 IR
793,350651.0,MAX86915 RED
794,358534.0,MAX86915 IR
794,350588.0,MAX86915 RED
795,358586.0,MAX86915 IR
795,350604.0,MAX86915 RED
796,358477.0,MAX86915 IR
796,350589.0,MAX86915 RED
797,358469.0,MAX86915 IR
797,350566.0,MAX86915 RED
798,358459.0,MAX86915 IR
798,350538.0,MAX86915 RED
799,358445.0,MAX86915 IR
799,350512.0,MAX86915 RED
800,358425.0,MAX86915 IR
800,350538.0,MAX86915 RED
801,358443.0,MAX86915 IR
801,350522.0,MAX86915 RED
802,358446.0,MAX86915 IR
802,350469.0,MAX86915 RED
803,358373.0,MAX86915 IR
803,350401.0,MAX86915 RED
804,358288.0,MAX86915 IR
804,350332.0,MAX86915 RED
805,358111.0,MAX86915 IR
805,350201.0,MAX86915 RED
806,358059.0,MAX86915 IR
806,350094.0,MAX86915 RED
807,357925.0,MAX86915 IR
807,350012.0,MAX86915 RED
808,357841.0,MAX86915 IR
808,349930.0,MAX86915 RED
809,357833.0,MAX86915 IR
809,349883.0,MAX86915 RED
810,357797.0,MAX86915 IR
810,349874.0,MAX86915 RED
811,357851.0,MAX86915 IR
811,349914.0,MAX86915 RED
812,357834.0,MAX86915 IR
812,349948.0,MAX86915 RED
813,357900.0,MAX86915 IR
813,349979.0,MAX86915 RED
814,357978.0,MAX86915 IR
814,349984.0,MAX86915 RED
815,358009.0,MAX86915 IR
815,350011.0,MAX86915 RED
816,358022.0,MAX86915 IR
816,350043.0,MAX86915 RED
817,358018.0,MAX86915 IR
817,350049.0,MAX86915 RED
818,358038.0,MAX86915 IR
818,350058.0,MAX86915 RED
819,358065.0,MAX86915 IR
819,350039.0,MAX86915 RED
820,358096.0,MAX86915 IR
820,350012.0,MAX86915 RED
821,358118.0,MAX86915 IR
821,350103.0,MAX86915 RED
822,358144.0,MAX86915 IR
822,350130.0,MAX86915 RED
823,358143.0,MAX86915 IR
823,350101.0,MAX86915 RED
824,358181.0,MAX86915 IR
824,350106.0,MAX86915 RED
825,358219.0,MAX86915 IR
825,350103.0,MAX86915 RED
826,358242.0,MAX86915 IR
826,350136.0,MAX86915 RED
827,358274.0,MAX86915 IR
827,350164.0,MAX86915 RED
828,358362.0,MAX86915 IR
828,350194.0,MAX86915 RED
829,358397.0,MAX86915 IR
829,350261.0,MAX86915 RED
830,358418.0,MAX86915 IR
830,350226.0,MAX86915 RED
831,358418.0,MAX86915 IR
831,350234.0,MAX86915 RED
832,358480.0,MAX86915 IR
832,350288.0,MAX86915 RED
833,358535.0,MAX86915 IR
833,350375.0,MAX86915 RED
834,358627.0,MAX86915 IR
834,350443.0,MAX86915 RED
835,358717.0,MAX86915 IR
835,350528.0,MAX86915 RED
836,358793.0,MAX86915 IR
836,350561.0,MAX86915 RED
837,358850.0,MAX86915 IR
837,350577.0,MAX86915 RED
838,358893.0,MAX86915 IR
838,350605.0,MAX86915 RED
839,358913.0,MAX86915 IR
839,350590.0,MAX86915 RED
840,358832.0,MAX86915 IR
840,350561.0,MAX86915 RED
841,358761.0,MAX86915 IR
841,350553.0,MAX86915 RED
842,358598.0,MAX86915 IR
842,350410.0,MAX86915 RED
843,358373.0,MAX86915 IR
843,350267.0,MAX86915 RED
844,358141.0,MAX86915 IR
844,350201.0,MAX86915 RED
845,357817.0,MAX86915 IR
845,350030.0,MAX86915 RED
846,357632.0,MAX86915 IR
846,349973.0,MAX86915 RED
847,357406.0,MAX86915 IR
847,349891.0,MAX86915 RED
848,357230.0,MAX86915 IR
848,349831.0,MAX86915 RED
849,357015.0,MAX86915 IR
849,349751.0,MAX86915 RED
850,356858.0,MAX86915 IR
850,349677.0,MAX86915 RED
851,356716.0,MAX86915 IR
851,349618.0,MAX86915 RED
852,356554.0,MAX86915 IR
852,349541.0,MAX86915 RED
853,356452.0,MAX86915 IR
853,349453.0,MAX86915 RED
854,356156.0,MAX86915 IR
854,349349.0,MAX86915 RED
855,356051.0,MAX86915 IR
855,349263.0,MAX86915 RED
856,355996.0,MAX86915 IR
856,349276.0,MAX86915 RED
857,355960.0,MAX86915 IR
857,349225.0,MAX86915 RED
858,355948.0,MAX86915 IR
858,349154.0,MAX86915 RED
859,355899.0,MAX86915 IR
859,349122.0,MAX86915 RED
860,355816.0,MAX86915 IR
860,349051.0,MAX86915 RED
861,355725.0,MAX86915 IR
861,348951.0,MAX86915 RED
862,355625.0,MAX86915 IR
862,348885.0,MAX86915 RED
863,355476.0,MAX86915 IR
863,348749.0,MAX86915 RED
864,355328.0,MAX86915 IR
864,348644.0,MAX86915 RED
865,355305.0,MAX86915 IR
865,348596.0,MAX86915 RED
866,355288.0,MAX86915 IR
866,348623.0,MAX86915 RED
867,355276.0,MAX86915 IR
867,348625.0,MAX86915 RED
868,355291.0,MAX86915 IR
868,348627.0,MAX86915 RED
869,355287.0,MAX86915 IR
869,348589.0,MAX86915 RED
870,355255.0,MAX86915 IR
870,348614.0,MAX86915 RED
871,355246.0,MAX86915 IR
871,348617.0,MAX86915 RED
872,355221.0,MAX86915 IR
872,348580.0,MAX86915 RED
873,355130.0,MAX86915 IR
873,348544.0,MAX86915 RED
874,355081.0,MAX86915 IR
874,348454.0,MAX86915 RED
875,354961.0,MAX86915 IR
875,348376.0,MAX86915 RED
876,354843.0,MAX86915 IR
876,348346.0,MAX86915 RED
877,354717.0,MAX86915 IR
877,348241.0,MAX86915 RED
878,354576.0,MAX86915 IR
878,348114.0,MAX86915 RED
879,354450.0,MAX86915 IR
879,348091.0,MAX86915 RED
880,354359.0,MAX86915 IR
880,347939.0,MAX86915 RED
881,354233.0,MAX86915 IR
881,347892.0,MAX86915 RED
882,354203.0,MAX86915 IR
882,347840.0,MAX86915 RED
883,354202.0,MAX86915 IR
883,347942.0,MAX86915 RED
884,354206.0,MAX86915 IR
884,347984.0,MAX86915 RED
885,354255.0,MAX86915 IR
885,347984.0,MAX86915 RED
886,354225.0,MAX86915 IR
886,347997.0,MAX86915 RED
887,354236.0,MAX86915 IR
887,347949.0,MAX86915 RED
888,354215.0,MAX86915 IR
888,347940.0,MAX86915 RED
889,354190.0,MAX86915 IR
889,347963.0,MAX86915 RED
890,354187.0,MAX86915 IR
890,347937.0,MAX86915 RED
891,354175.0,MAX86915 IR
891,347929.0,MAX86915 RED
892,354139.0,MAX86915 IR
892,347892.0,MAX86915 RED
893,354214.0,MAX86915 IR
893,347937.0,MAX86915 RED
894,354276.0,MAX86915 IR
894,347984.0,MAX86915 RED
895,354302.0,MAX86915 IR
895,348017.0,MAX86915 RED
896,354302.0,MAX86915 IR
896,348008.0,MAX86915 RED
897,354283.0,MAX86915 IR
897,347972.0,MAX86915 RED
898,354240.0,MAX86915 IR
898,347890.0,MAX86915 RED
899,354211.0,MAX86915 IR
899,347938.0,MAX86915 RED
900,354215.0,MAX86915 IR
900,347848.0,MAX86915 RED
901,354197.0,MAX86915 IR
901,347892.0,MAX86915 RED
902,354198.0,MAX86915 IR
902,347885.0,MAX86915 RED
903,354225.0,MAX86915 IR
903,347978.0,MAX86915 RED
904,354284.0,MAX86915 IR
904,347953.0,MAX86915 RED
905,354330.0,MAX86915 IR
905,348015.0,MAX86915 RED
906,354336.0,MAX86915 IR
906,347988.0,MAX86915 RED
907,354348.0,MAX86915 IR
907,348011.0,MAX86915 RED
908,354367.0,MAX86915 IR
908,348021.0,MAX86915 RED
909,354341.0,MAX86915 IR
909,348025.0,MAX86915 RED
910,354330.0,MAX86915 IR
910,347982.0,MAX86915 RED
911,354274.0,MAX86915 IR
911,347970.0,MAX86915 RED
912,354249.0,MAX86915 IR
912,347902.0,MAX86915 RED
913,354245.0,MAX86915 IR
913,347907.0,MAX86915 RED
914,354244.0,MAX86915 IR
914,347959.0,MAX86915 RED
915,354188.0,MAX86915 IR
915,347878.0,MAX86915 RED
916,354178.0,MAX86915 IR
916,347815.0,MAX86915 RED
917,354130.0,MAX86915 IR
917,347799.0,MAX86915 RED
918,354135.0,MAX86915 IR
918,347775.0,MAX86915 RED
919,354131.0,MAX86915 IR
919,347807.0,MAX86915 RED
920,354136.0,MAX86915 IR
920,347825.0,MAX86915 RED
921,354160.0,MAX86915 IR
921,347790.0,MAX86915 RED
922,354236.0,MAX86915 IR
922,347915.0,MAX86915 RED
923,354263.0,MAX86915 IR
923,347935.0,MAX86915 RED
924,354294.0,MAX86915 IR
924,347961.0,MAX86915 RED
925,354293.0,MAX86915 IR
925,347979.0,MAX86915 RED
926,354306.0,MAX86915 IR
926,347935.0,MAX86915 RED
927,354333.0,MAX86915 IR
927,347961.0,MAX86915 RED
928,354352.0,MAX86915 IR
928,347953.0,MAX86915 RED
929,354357.0,MAX86915 IR
929,347984.0,MAX86915 RED
930,354357.0,MAX86915 IR
930,348012.0,MAX86915 RED
931,354389.0,MAX86915 IR
931,348024.0,MAX86915 RED
932,354429.0,MAX86915 IR
932,347995.0,MAX86915 RED
933,354453.0,MAX86915 IR
933,348081.0,MAX86915 RED
934,354532.0,MAX86915 IR
934,348148.0,MAX86915 RED
935,354618.0,MAX86915 IR
935,348213.0,MAX86915 RED
936,354634.0,MAX86915 IR
936,348176.0,MAX86915 RED
937,354602.0,MAX86915 IR
937,348145.0,MAX86915 RED
938,354578.0,MAX86915 IR
938,348149.0,MAX86915 RED
939,354584.0,MAX86915 IR
939,348113.0,MAX86915 RED
940,354570.0,MAX86915 IR
940,348106.0,MAX86915 RED
941,354563.0,MAX86915 IR
941,348102.0,MAX86915 RED
942,354589.0,MAX86915 IR
942,348101.0,MAX86915 RED
943,354589.0,MAX86915 IR
943,348070.0,MAX86915 RED
944,354568.0,MAX86915 IR
944,348117.0,MAX86915 RED
945,354562.0,MAX86915 IR
945,348084.0,MAX86915 RED
946,354575.0,MAX86915 IR
946,348072.0,MAX86915 RED
947,354641.0,MAX86915 IR
947,348091.0,MAX86915 RED
948,354632.0,MAX86915 IR
948,348148.0,MAX86915 RED
949,354716.0,MAX86915 IR
949,348215.0,MAX86915 RED
950,354713.0,MAX86915 IR
950,348171.0,MAX86915 RED
951,354731.0,MAX86915 IR
951,348151.0,MAX86915 RED
952,354750.0,MAX86915 IR
952,348202.0,MAX86915 RED
953,354819.0,MAX86915 IR
953,348203.0,MAX86915 RED
954,354822.0,MAX86915 IR
954,348238.0,MAX86915 RED
955,354870.0,MAX86915 IR
955,348250.0,MAX86915 RED
956,354840.0,MAX86915 IR
956,348278.0,MAX86915 RED
957,354841.0,MAX86915 IR
957,348179.0,MAX86915 RED
958,354800.0,MAX86915 IR
958,348186.0,MAX86915 RED
959,354702.0,MAX86915 IR
959,348125.0,MAX86915 RED
960,354528.0,MAX86915 IR
960,348045.0,MAX86915 RED
961,354294.0,MAX86915 IR
961,347896.0,MAX86915 RED
962,354030.0,MAX86915 IR
962,347764.0,MAX86915 RED
963,353750.0,MAX86915 IR
963,347637.0,MAX86915 RED
964,353587.0,MAX86915 IR
964,347569.0,MAX86915 RED
965,353372.0,MAX86915 IR
965,347534.0,MAX86915 RED
966,353182.0,MAX86915 IR
966,347437.0,MAX86915 RED
967,352975.0,MAX86915 IR
967,347384.0,MAX86915 RED
968,352804.0,MAX86915 IR
968,347305.0,MAX86915 RED
969,352669.0,MAX86915 IR
969,347229.0,MAX86915 RED
970,352555.0,MAX86915 IR
970,347176.0,MAX86915 RED
971,352445.0,MAX86915 IR
971,347134.0,MAX86915 RED
972,352453.0,MAX86915 IR
972,347143.0,MAX86915 RED
973,352510.0,MAX86915 IR
973,347191.0,MAX86915 RED
974,352521.0,MAX86915 IR
974,347214.0,MAX86915 RED
975,352570.0,MAX86915 IR
975,347292.0,MAX86915 RED
976,352588.0,MAX86915 IR
976,347293.0,MAX86915 RED
977,352646.0,MAX86915 IR
977,347369.0,MAX86915 RED
978,352649.0,MAX86915 IR
978,347374.0,MAX86915 RED
979,352574.0,MAX86915 IR
979,347360.0,MAX86915 RED
980,352535.0,MAX86915 IR
980,347290.0,MAX86915 RED
981,352456.0,MAX86915 IR
981,347206.0,MAX86915 RED
982,352448.0,MAX86915 IR
982,347184.0,MAX86915 RED
983,352459.0,MAX86915 IR
983,347231.0,MAX86915 RED
984,352478.0,MAX86915 IR
984,347260.0,MAX86915 RED
985,352515.0,MAX86915 IR
985,347270.0,MAX86915 RED
986,352619.0,MAX86915 IR
986,347411.0,MAX86915 RED
987,352619.0,MAX86915 IR
987,347451.0,MAX86915 RED
988,352695.0,MAX86915 IR
988,347470.0,MAX86915 RED
989,352703.0,MAX86915 IR
989,347468.0,MAX86915 RED
990,352702.0,MAX86915 IR
990,347459.0,MAX86915 RED
991,352674.0,MAX86915 IR
991,347432.0,MAX86915 RED
992,352601.0,MAX86915 IR
992,347402.0,MAX86915 RED
993,352490.0,MAX86915 IR
993,347343.0,MAX86915 RED
994,352395.0,MAX86915 IR
994,347296.0,MAX86915 RED
995,352284.0,MAX86915 IR
995,347198.0,MAX86915 RED
996,352178.0,MAX86915 IR
996,347111.0,MAX86915 RED
997,352117.0,MAX86915 IR
997,347083.0,MAX86915 RED
998,352091.0,MAX86915 IR
998,347120.0,MAX86915 RED
999,352089.0,MAX86915 IR
999,347089.0,MAX86915 RED
1000,352031.0,MAX86915 IR
1000,347133.0,MAX86915 RED
1001,352009.0,MAX86915 IR
1001,347071.0,MAX86915 RED
1002,352005.0,MAX86915 IR
1002,347051.0,MAX86915 RED
1003,351990.0,MAX86915 IR
1003,347035.0,MAX86915 RED
1004,351929.0,MAX86915 IR
1004,346990.0,MAX86915 RED
1005,351846.0,MAX86915 IR
1005,346933.0,MAX86915 RED
1006,351830.0,MAX86915 IR
1006,346919.0,MAX86915 RED
1007,351753.0,MAX86915 IR
1007,346885.0,MAX86915 RED
1008,351791.0,MAX86915 IR
1008,346905.0,MAX86915 RED
1009,351792.0,MAX86915 IR
1009,346886.0,MAX86915 RED
1010,351896.0,MAX86915 IR
1010,347011.0,MAX86915 RED
1011,352001.0,MAX86915 IR
1011,347061.0,MAX86915 RED
1012,352129.0,MAX86915 IR
1012,347143.0,MAX86915 RED
1013,352218.0,MAX86915 IR
1013,347230.0,MAX86915 RED
1014,352230.0,MAX86915 IR
1014,347219.0,MAX86915 RED
1015,352309.0,MAX86915 IR
1015,347257.0,MAX86915 RED
1016,352308.0,MAX86915 IR
1016,347278.0,MAX86915 RED
1017,352317.0,MAX86915 IR
1017,347277.0,MAX86915 RED
1018,352329.0,MAX86915 IR
1018,347271.0,MAX86915 RED
1019,352282.0,MAX86915 IR
1019,347262.0,MAX86915 RED
1020,352288.0,MAX86915 IR
1020,347213.0,MAX86915 RED
1021,352286.0,MAX86915 IR
1021,347226.0,MAX86915 RED
1022,352340.0,MAX86915 IR
1022,347285.0,MAX86915 RED
1023,352360.0,MAX86915 IR
1023,347300.0,MAX86915 RED
1024,352355.0,MAX86915 IR
1024,347275.0,MAX86915 RED
1025,352391.0,MAX86915 IR
1025,347273.0,MAX86915 RED
1026,352375.0,MAX86915 IR
1026,347252.0,MAX86915 RED
1027,352415.0,MAX86915 IR
1027,347291.0,MAX86915 RED
1028,352433.0,MAX86915 IR
1028,347336.0,MAX86915 RED
1029,352513.0,MAX86915 IR
1029,347431.0,MAX86915 RED
1030,352582.0,MAX86915 IR
1030,347457.0,MAX86915 RED
1031,352615.0,MAX86915 IR
1031,347463.0,MAX86915 RED
1032,352621.0,MAX86915 IR
1032,347465.0,MAX86915 RED
1033,352662.0,MAX86915 IR
1033,347520.0,MAX86915 RED
1034,352742.0,MAX86915 IR
1034,347633.0,MAX86915 RED
1035,352806.0,MAX86915 IR
1035,347649.0,MAX86915 RED
1036,352812.0,MAX86915 IR
1036,347656.0,MAX86915 RED
1037,352793.0,MAX86915 IR
1037,347613.0,MAX86915 RED
1038,352760.0,MAX86915 IR
1038,347622.0,MAX86915 RED
1039,352781.0,MAX86915 IR
1039,347613.0,MAX86915 RED
1040,352756.0,MAX86915 IR
1040,347617.0,MAX86915 RED
1041,352863.0,MAX86915 IR
1041,347663.0,MAX86915 RED
1042,352959.0,MAX86915 IR
1042,347727.0,MAX86915 RED
1043,353021.0,MAX86915 IR
1043,347803.0,MAX86915 RED
1044,353111.0,MAX86915 IR
1044,347817.0,MAX86915 RED
1045,353125.0,MAX86915 IR
1045,347875.0,MAX86915 RED
1046,353179.0,MAX86915 IR
1046,347869.0,MAX86915 RED
1047,353180.0,MAX86915 IR
1047,347902.0,MAX86915 RED
1048,353210.0,MAX86915 IR
1048,347910.0,MAX86915 RED
1049,353288.0,MAX86915 IR
1049,347948.0,MAX86915 RED
1050,353355.0,MAX86915 IR
1050,347991.0,MAX86915 RED
1051,353396.0,MAX86915 IR
1051,347992.0,MAX86915 RED
1052,353419.0,MAX86915 IR
1052,348047.0,MAX86915 RED
1053,353485.0,MAX86915 IR
1053,348076.0,MAX86915 RED
1054,353490.0,MAX86915 IR
1054,348068.0,MAX86915 RED
1055,353524.0,MAX86915 IR
1055,348057.0,MAX86915 RED
1056,353575.0,MAX86915 IR
1056,348109.0,MAX86915 RED
1057,353579.0,MAX86915 IR
1057,348163.0,MAX86915 RED
1058,353574.0,MAX86915 IR
1058,348126.0,MAX86915 RED
1059,353606.0,MAX86915 IR
1059,348131.0,MAX86915 RED
1060,353628.0,MAX86915 IR
1060,348146.0,MAX86915 RED
1061,353677.0,MAX86915 IR
1061,348143.0,MAX86915 RED
1062,353722.0,MAX86915 IR
1062,348200.0,MAX86915 RED
1063,353806.0,MAX86915 IR
1063,348230.0,MAX86915 RED
1064,353826.0,MAX86915 IR
1064,348285.0,MAX86915 RED
1065,353851.0,MAX86915 IR
1065,348266.0,MAX86915 RED
1066,353849.0,MAX86915 IR
1066,348297.0,MAX86915 RED
1067,353874.0,MAX86915 IR
1067,348341.0,MAX86915 RED
1068,353911.0,MAX86915 IR
1068,348318.0,MAX86915 RED
1069,353938.0,MAX86915 IR
1069,348362.0,MAX86915 RED
1070,353959.0,MAX86915 IR
1070,348288.0,MAX86915 RED
1071,353978.0,MAX86915 IR
1071,348336.0,MAX86915 RED
1072,353983.0,MAX86915 IR
1072,348327.0,MAX86915 RED
1073,353965.0,MAX86915 IR
1073,348358.0,MAX86915 RED
1074,354054.0,MAX86915 IR
1074,348377.0,MAX86915 RED
1075,354081.0,MAX86915 IR
1075,348488.0,MAX86915 RED
1076,354154.0,MAX86915 IR
1076,348454.0,MAX86915 RED
1077,354188.0,MAX86915 IR
1077,348441.0,MAX86915 RED
1078,354268.0,MAX86915 IR
1078,348498.0,MAX86915 RED
1079,354278.0,MAX86915 IR
1079,348570.0,MAX86915 RED
1080,354317.0,MAX86915 IR
1080,348524.0,MAX86915 RED
1081,354240.0,MAX86915 IR
1081,348571.0,MAX86915 RED
1082,354119.0,MAX86915 IR
1082,348496.0,MAX86915 RED
1083,353913.0,MAX86915 IR
1083,348364.0,MAX86915 RED
1084,353729.0,MAX86915 IR
1084,348255.0,MAX86915 RED
1085,353495.0,MAX86915 IR
1085,348197.0,MAX86915 RED
1086,353163.0,MAX86915 IR
1086,348037.0,MAX86915 RED
1087,352894.0,MAX86915 IR
1087,347887.0,MAX86915 RED
1088,352602.0,MAX86915 IR
1088,347738.0,MAX86915 RED
1089,352354.0,MAX86915 IR
1089,347600.0,MAX86915 RED
1090,352151.0,MAX86915 IR
1090,347520.0,MAX86915 RED
1091,351996.0,MAX86915 IR
1091,347480.0,MAX86915 RED
1092,351894.0,MAX86915 IR
1092,347412.0,MAX86915 RED
1093,351820.0,MAX86915 IR
1093,347385.0,MAX86915 RED
1094,351757.0,MAX86915 IR
1094,347334.0,MAX86915 RED
1095,351754.0,MAX86915 IR
1095,347329.0,MAX86915 RED
1096,351754.0,MAX86915 IR
1096,347382.0,MAX86915 RED
1097,351748.0,MAX86915 IR
1097,347363.0,MAX86915 RED
1098,351766.0,MAX86915 IR
1098,347343.0,MAX86915 RED
1099,351789.0,MAX86915 IR
1099,347412.0,MAX86915 RED
1100,351863.0,MAX86915 IR
1100,347405.0,MAX86915 RED
1101,351865.0,MAX86915 IR
1101,347478.0,MAX86915 RED
1102,351845.0,MAX86915 IR
1102,347427.0,MAX86915 RED
1103,351745.0,MAX86915 IR
1103,347427.0,MAX86915 RED
1104,351703.0,MAX86915 IR
1104,347341.0,MAX86915 RED
1105,351640.0,MAX86915 IR
1105,347298.0,MAX86915 RED
1106,351609.0,MAX86915 IR
1106,347296.0,MAX86915 RED
1107,351614.0,MAX86915 IR
1107,347299.0,MAX86915 RED
1108,351643.0,MAX86915 IR
1108,347341.0,MAX86915 RED
1109,351696.0,MAX86915 IR
1109,347369.0,MAX86915 RED
1110,351776.0,MAX86915 IR
1110,347498.0,MAX86915 RED
1111,351833.0,MAX86915 IR
1111,347515.0,MAX86915 RED
1112,351810.0,MAX86915 IR
1112,347512.0,MAX86915 RED
1113,351797.0,MAX86915 IR
1113,347506.0,MAX86915 RED
1114,351676.0,MAX86915 IR
1114,347462.0,MAX86915 RED
1115,351626.0,MAX86915 IR
1115,347374.0,MAX86915 RED
1116,351505.0,MAX86915 IR
1116,347269.0,MAX86915 RED
1117,351447.0,MAX86915 IR
1117,347274.0,MAX86915 RED
1118,351339.0,MAX86915 IR
1118,347237.0,MAX86915 RED
1119,351297.0,MAX86915 IR
1119,347206.0,MAX86915 RED
1120,351241.0,MAX86915 IR
1120,347177.0,MAX86915 RED
1121,351159.0,MAX86915 IR
1121,347068.0,MAX86915 RED
1122,351180.0,MAX86915 IR
1122,347149.0,MAX86915 RED
1123,351151.0,MAX86915 IR
1123,347131.0,MAX86915 RED
1124,351104.0,MAX86915 IR
1124,347083.0,MAX86915 RED
1125,351047.0,MAX86915 IR
1125,347048.0,MAX86915 RED
1126,351016.0,MAX86915 IR
1126,347048.0,MAX86915 RED
1127,351028.0,MAX86915 IR
1127,347060.0,MAX86915 RED
1128,351070.0,MAX86915 IR
1128,347072.0,MAX86915 RED
1129,351118.0,MAX86915 IR
1129,347106.0,MAX86915 RED
1130,351133.0,MAX86915 IR
1130,347108.0,MAX86915 RED
1131,351108.0,MAX86915 IR
1131,347109.0,MAX86915 RED
1132,351142.0,MAX86915 IR
1132,347128.0,MAX86915 RED
1133,351176.0,MAX86915 IR
1133,347111.0,MAX86915 RED
1134,351247.0,MAX86915 IR
1134,347204.0,MAX86915 RED
1135,351266.0,MAX86915 IR
1135,347197.0,MAX86915 RED
1136,351285.0,MAX86915 IR
1136,347190.0,MAX86915 RED
1137,351286.0,MAX86915 IR
1137,347190.0,MAX86915 RED
1138,351301.0,MAX86915 IR
1138,347253.0,MAX86915 RED
1139,351304.0,MAX86915 IR
1139,347240.0,MAX86915 RED
1140,351340.0,MAX86915 IR
1140,347230.0,MAX86915 RED
1141,351377.0,MAX86915 IR
1141,347240.0,MAX86915 RED
1142,351483.0,MAX86915 IR
1142,347371.0,MAX86915 RED
1143,351540.0,MAX86915 IR
1143,347376.0,MAX86915 RED
1144,351613.0,MAX86915 IR
1144,347401.0,MAX86915 RED
1145,351656.0,MAX86915 IR
1145,347511.0,MAX86915 RED
1146,351708.0,MAX86915 IR
1146,347577.0,MAX86915 RED
1147,351721.0,MAX86915 IR
1147,347563.0,MAX86915 RED
1148,351738.0,MAX86915 IR
1148,347519.0,MAX86915 RED
1149,351689.0,MAX86915 IR
1149,347462.0,MAX86915 RED
1150,351715.0,MAX86915 IR
1150,347534.0,MAX86915 RED
1151,351702.0,MAX86915 IR
1151,347499.0,MAX86915 RED
1152,351701.0,MAX86915 IR
1152,347538.0,MAX86915 RED
1153,351760.0,MAX86915 IR
1153,347546.0,MAX86915 RED
1154,351743.0,MAX86915 IR
1154,347610.0,MAX86915 RED
1155,351789.0,MAX86915 IR
1155,347572.0,MAX86915 RED
1156,351788.0,MAX86915 IR
1156,347584.0,MAX86915 RED
1157,351826.0,MAX86915 IR
1157,347571.0,MAX86915 RED
1158,351822.0,MAX86915 IR
1158,347561.0,MAX86915 RED
1159,351868.0,MAX86915 IR
1159,347573.0,MAX86915 RED
1160,351910.0,MAX86915 IR
1160,347678.0,MAX86915 RED
1161,351929.0,MAX86915 IR
1161,347695.0,MAX86915 RED
1162,351959.0,MAX86915 IR
1162,347699.0,MAX86915 RED
1163,352012.0,MAX86915 IR
1163,347731.0,MAX86915 RED
1164,352028.0,MAX86915 IR
1164,347787.0,MAX86915 RED
1165,352099.0,MAX86915 IR
1165,347856.0,MAX86915 RED
1166,352161.0,MAX86915 IR
1166,347857.0,MAX86915 RED
1167,352188.0,MAX86915 IR
1167,347851.0,MAX86915 RED
1168,352222.0,MAX86915 IR
1168,347863.0,MAX86915 RED
1169,352221.0,MAX86915 IR
1169,347874.0,MAX86915 RED
1170,352229.0,MAX86915 IR
1170,347876.0,MAX86915 RED
1171,352243.0,MAX86915 IR
1171,347860.0,MAX86915 RED
1172,352331.0,MAX86915 IR
1172,347936.0,MAX86915 RED
1173,352338.0,MAX86915 IR
1173,347944.0,MAX86915 RED
1174,352362.0,MAX86915 IR
1174,347980.0,MAX86915 RED
1175,352419.0,MAX86915 IR
1175,347959.0,MAX86915 RED
1176,352463.0,MAX86915 IR
1176,348036.0,MAX86915 RED
1177,352492.0,MAX86915 IR
1177,348014.0,MAX86915 RED
1178,352492.0,MAX86915 IR
1178,347979.0,MAX86915 RED
1179,352513.0,MAX86915 IR
1179,348016.0,MAX86915 RED
1180,352555.0,MAX86915 IR
1180,348025.0,MAX86915 RED
1181,352588.0,MAX86915 IR
1181,348088.0,MAX86915 RED
1182,352632.0,MAX86915 IR
1182,348056.0,MAX86915 RED
1183,352647.0,MAX86915 IR
1183,348136.0,MAX86915 RED
1184,352710.0,MAX86915 IR
1184,348150.0,MAX86915 RED
1185,352775.0,MAX86915 IR
1185,348124.0,MAX86915 RED
1186,352827.0,MAX86915 IR
1186,348230.0,MAX86915 RED
1187,352888.0,MAX86915 IR
1187,348265.0,MAX86915 RED
1188,352919.0,MAX86915 IR
1188,348288.0,MAX86915 RED
1189,352956.0,MAX86915 IR
1189,348238.0,MAX86915 RED
1190,352898.0,MAX86915 IR
1190,348322.0,MAX86915 RED
1191,352949.0,MAX86915 IR
1191,348241.0,MAX86915 RED
1192,352988.0,MAX86915 IR
1192,348343.0,MAX86915 RED
1193,353022.0,MAX86915 IR
1193,348337.0,MAX86915 RED
1194,353144.0,MAX86915 IR
1194,348440.0,MAX86915 RED
1195,353243.0,MAX86915 IR
1195,348526.0,MAX86915 RED
1196,353292.0,MAX86915 IR
1196,348520.0,MAX86915 RED
1197,353323.0,MAX86915 IR
1197,348577.0,MAX86915 RED
1198,353371.0,MAX86915 IR
1198,348584.0,MAX86915 RED
1199,353397.0,MAX86915 IR
1199,348571.0,MAX86915 RED
1200,353355.0,MAX86915 IR
1200,348560.0,MAX86915 RED
1201,353352.0,MAX86915 IR
1201,348523.0,MAX86915 RED
1202,353393.0,MAX86915 IR
1202,348512.0,MAX86915 RED
1203,353401.0,MAX86915 IR
1203,348528.0,MAX86915 RED
1204,353425.0,MAX86915 IR
1204,348565.0,MAX86915 RED
1205,353476.0,MAX86915 IR
1205,348566.0,MAX86915 RED
1206,353459.0,MAX86915 IR
1206,348567.0,MAX86915 RED
1207,353413.0,MAX86915 IR
1207,348542.0,MAX86915 RED
1208,353304.0,MAX86915 IR
1208,348446.0,MAX86915 RED
1209,353107.0,MAX86915 IR
1209,348337.0,MAX86915 RED
1210,352847.0,MAX86915 IR
1210,348230.0,MAX86915 RED
1211,352672.0,MAX86915 IR
1211,348143.0,MAX86915 RED
1212,352459.0,MAX86915 IR
1212,348049.0,MAX86915 RED
1213,352248.0,MAX86915 IR
1213,348001.0,MAX86915 RED
1214,351989.0,MAX86915 IR
1214,347866.0,MAX86915 RED
1215,351734.0,MAX86915 IR
1215,347714.0,MAX86915 RED
1216,351530.0,MAX86915 IR
1216,347646.0,MAX86915 RED
1217,351398.0,MAX86915 IR
1217,347577.0,MAX86915 RED
1218,351271.0,MAX86915 IR
1218,347534.0,MAX86915 RED
1219,351215.0,MAX86915 IR
1219,347555.0,MAX86915 RED
1220,351194.0,MAX86915 IR
1220,347492.0,MAX86915 RED
1221,351183.0,MAX86915 IR
1221,347517.0,MAX86915 RED
1222,351174.0,MAX86915 IR
1222,347534.0,MAX86915 RED
1223,351200.0,MAX86915 IR
1223,347570.0,MAX86915 RED
1224,351168.0,MAX86915 IR
1224,347572.0,MAX86915 RED
1225,351066.0,MAX86915 IR
1225,347440.0,MAX86915 RED
1226,350987.0,MAX86915 IR
1226,347393.0,MAX86915 RED
1227,350897.0,MAX86915 IR
1227,347247.0,MAX86915 RED
1228,350775.0,MAX86915 IR
1228,347195.0,MAX86915 RED
1229,350731.0,MAX86915 IR
1229,347153.0,MAX86915 RED
1230,350638.0,MAX86915 IR
1230,347155.0,MAX86915 RED
1231,350665.0,MAX86915 IR
1231,347104.0,MAX86915 RED
1232,350630.0,MAX86915 IR
1232,347139.0,MAX86915 RED
1233,350624.0,MAX86915 IR
1233,347118.0,MAX86915 RED
1234,350657.0,MAX86915 IR
1234,347129.0,MAX86915 RED
1235,350628.0,MAX86915 IR
1235,347107.0,MAX86915 RED
1236,350612.0,MAX86915 IR
1236,347069.0,MAX86915 RED
1237,350610.0,MAX86915 IR
1237,347089.0,MAX86915 RED
1238,350581.0,MAX86915 IR
1238,347098.0,MAX86915 RED
1239,350594.0,MAX86915 IR
1239,347073.0,MAX86915 RED
1240,350581.0,MAX86915 IR
1240,347118.0,MAX86915 RED
1241,350570.0,MAX86915 IR
1241,347041.0,MAX86915 RED
1242,350469.0,MAX86915 IR
1242,347025.0,MAX86915 RED
1243,350452.0,MAX86915 IR
1243,347042.0,MAX86915 RED
1244,350336.0,MAX86915 IR
1244,346949.0,MAX86915 RED
1245,350300.0,MAX86915 IR
1245,346972.0,MAX86915 RED
1246,350230.0,MAX86915 IR
1246,346937.0,MAX86915 RED
1247,350180.0,MAX86915 IR
1247,346914.0,MAX86915 RED
1248,350150.0,MAX86915 IR
1248,346912.0,MAX86915 RED
1249,350087.0,MAX86915 IR
1249,346841.0,MAX86915 RED
1250,350140.0,MAX86915 IR
1250,346909.0,MAX86915 RED
1251,350121.0,MAX86915 IR
1251,346889.0,MAX86915 RED
1252,350194.0,MAX86915 IR
1252,346984.0,MAX86915 RED
1253,350246.0,MAX86915 IR
1253,347051.0,MAX86915 RED
1254,350336.0,MAX86915 IR
1254,347081.0,MAX86915 RED
1255,350401.0,MAX86915 IR
1255,347155.0,MAX86915 RED
1256,350466.0,MAX86915 IR
1256,347179.0,MAX86915 RED
1257,350471.0,MAX86915 IR
1257,347214.0,MAX86915 RED
1258,350479.0,MAX86915 IR
1258,347203.0,MAX86915 RED
1259,350545.0,MAX86915 IR
1259,347236.0,MAX86915 RED
1260,350562.0,MAX86915 IR
1260,347267.0,MAX86915 RED
1261,350553.0,MAX86915 IR
1261,347240.0,MAX86915 RED
1262,350581.0,MAX86915 IR
1262,347264.0,MAX86915 RED
1263,350599.0,MAX86915 IR
1263,347251.0,MAX86915 RED
1264,350607.0,MAX86915 IR
1264,347246.0,MAX86915 RED
1265,350614.0,MAX86915 IR
1265,347280.0,MAX86915 RED
1266,350625.0,MAX86915 IR
1266,347261.0,MAX86915 RED
1267,350576.0,MAX86915 IR
1267,347186.0,MAX86915 RED
1268,350561.0,MAX86915 IR
1268,347162.0,MAX86915 RED
1269,350627.0,MAX86915 IR
1269,347213.0,MAX86915 RED
1270,350755.0,MAX86915 IR
1270,347325.0,MAX86915 RED
1271,350897.0,MAX86915 IR
1271,347481.0,MAX86915 RED
1272,351018.0,MAX86915 IR
1272,347575.0,MAX86915 RED
1273,351090.0,MAX86915 IR
1273,347617.0,MAX86915 RED
1274,351191.0,MAX86915 IR
1274,347706.0,MAX86915 RED
1275,351234.0,MAX86915 IR
1275,347698.0,MAX86915 RED
1276,351286.0,MAX86915 IR
1276,347794.0,MAX86915 RED
1277,351270.0,MAX86915 IR
1277,347716.0,MAX86915 RED
1278,351201.0,MAX86915 IR
1278,347692.0,MAX86915 RED
1279,351188.0,MAX86915 IR
1279,347633.0,MAX86915 RED
1280,351115.0,MAX86915 IR
1280,347587.0,MAX86915 RED
1281,351094.0,MAX86915 IR
1281,347567.0,MAX86915 RED
1282,351063.0,MAX86915 IR
1282,347609.0,MAX86915 RED
1283,351093.0,MAX86915 IR
1283,347580.0,MAX86915 RED
1284,351138.0,MAX86915 IR
1284,347593.0,MAX86915 RED
1285,351160.0,MAX86915 IR
1285,347661.0,MAX86915 RED
1286,351219.0,MAX86915 IR
1286,347674.0,MAX86915 RED
1287,351307.0,MAX86915 IR
1287,347711.0,MAX86915 RED
1288,351328.0,MAX86915 IR
1288,347759.0,MAX86915 RED
1289,351405.0,MAX86915 IR
1289,347864.0,MAX86915 RED
1290,351500.0,MAX86915 IR
1290,347931.0,MAX86915 RED
1291,351544.0,MAX86915 IR
1291,347944.0,MAX86915 RED
1292,351659.0,MAX86915 IR
1292,347993.0,MAX86915 RED
1293,351665.0,MAX86915 IR
1293,348029.0,MAX86915 RED
1294,351708.0,MAX86915 IR
1294,348040.0,MAX86915 RED
1295,351764.0,MAX86915 IR
1295,348098.0,MAX86915 RED
1296,351774.0,MAX86915 IR
1296,348073.0,MAX86915 RED
1297,351715.0,MAX86915 IR
1297,347989.0,MAX86915 RED
1298,351657.0,MAX86915 IR
1298,347911.0,MAX86915 RED
1299,351667.0,MAX86915 IR
1299,347898.0,MAX86915 RED
1300,351704.0,MAX86915 IR
1300,347997.0,MAX86915 RED
1301,351820.0,MAX86915 IR
1301,348064.0,MAX86915 RED
1302,351874.0,MAX86915 IR
1302,348141.0,MAX86915 RED
1303,351988.0,MAX86915 IR
1303,348145.0,MAX86915 RED
1304,352037.0,MAX86915 IR
1304,348210.0,MAX86915 RED
1305,352055.0,MAX86915 IR
1305,348244.0,MAX86915 RED
1306,352125.0,MAX86915 IR
1306,348296.0,MAX86915 RED
1307,352111.0,MAX86915 IR
1307,348265.0,MAX86915 RED
1308,352075.0,MAX86915 IR
1308,348167.0,MAX86915 RED
1309,352059.0,MAX86915 IR
1309,348161.0,MAX86915 RED
1310,352041.0,MAX86915 IR
1310,348150.0,MAX86915 RED
1311,352038.0,MAX86915 IR
1311,348191.0,MAX86915 RED
1312,352143.0,MAX86915 IR
1312,348244.0,MAX86915 RED
1313,352164.0,MAX86915 IR
1313,348259.0,MAX86915 RED
1314,352213.0,MAX86915 IR
1314,348302.0,MAX86915 RED
1315,352251.0,MAX86915 IR
1315,348304.0,MAX86915 RED
1316,352335.0,MAX86915 IR
1316,348397.0,MAX86915 RED
1317,352382.0,MAX86915 IR
1317,348403.0,MAX86915 RED
1318,352440.0,MAX86915 IR
1318,348397.0,MAX86915 RED
1319,352481.0,MAX86915 IR
1319,348489.0,MAX86915 RED
1320,352567.0,MAX86915 IR
1320,348532.0,MAX86915 RED
1321,352657.0,MAX86915 IR
1321,348560.0,MAX86915 RED
1322,352667.0,MAX86915 IR
1322,348586.0,MAX86915 RED
1323,352649.0,MAX86915 IR
1323,348529.0,MAX86915 RED
1324,352707.0,MAX86915 IR
1324,348628.0,MAX86915 RED
1325,352709.0,MAX86915 IR
1325,348611.0,MAX86915 RED
1326,352613.0,MAX86915 IR
1326,348602.0,MAX86915 RED
1327,352451.0,MAX86915 IR
1327,348472.0,MAX86915 RED
1328,352236.0,MAX86915 IR
1328,348372.0,MAX86915 RED
1329,352012.0,MAX86915 IR
1329,348280.0,MAX86915 RED
1330,351701.0,MAX86915 IR
1330,348149.0,MAX86915 RED
1331,351454.0,MAX86915 IR
1331,347981.0,MAX86915 RED
1332,351169.0,MAX86915 IR
1332,347820.0,MAX86915 RED
1333,350987.0,MAX86915 IR
1333,347761.0,MAX86915 RED
1334,350860.0,MAX86915 IR
1334,347752.0,MAX86915 RED
1335,350773.0,MAX86915 IR
1335,347766.0,MAX86915 RED
1336,350750.0,MAX86915 IR
1336,347768.0,MAX86915 RED
1337,350713.0,MAX86915 IR
1337,347788.0,MAX86915 RED
1338,350724.0,MAX86915 IR
1338,347759.0,MAX86915 RED
1339,350699.0,MAX86915 IR
1339,347750.0,MAX86915 RED
1340,350684.0,MAX86915 IR
1340,347697.0,MAX86915 RED
1341,350647.0,MAX86915 IR
1341,347765.0,MAX86915 RED
1342,350686.0,MAX86915 IR
1342,347787.0,MAX86915 RED
1343,350704.0,MAX86915 IR
1343,347771.0,MAX86915 RED
1344,350793.0,MAX86915 IR
1344,347844.0,MAX86915 RED
1345,350775.0,MAX86915 IR
1345,347781.0,MAX86915 RED
1346,350734.0,MAX86915 IR
1346,347827.0,MAX86915 RED
1347,350727.0,MAX86915 IR
1347,347727.0,MAX86915 RED
1348,350702.0,MAX86915 IR
1348,347758.0,MAX86915 RED
1349,350737.0,MAX86915 IR
1349,347747.0,MAX86915 RED
1350,350783.0,MAX86915 IR
1350,347835.0,MAX86915 RED
1351,350796.0,MAX86915 IR
1351,347861.0,MAX86915 RED
1352,350815.0,MAX86915 IR
1352,347845.0,MAX86915 RED
1353,350880.0,MAX86915 IR
1353,347894.0,MAX86915 RED
1354,350956.0,MAX86915 IR
1354,347969.0,MAX86915 RED
1355,351001.0,MAX86915 IR
1355,347984.0,MAX86915 RED
1356,351000.0,MAX86915 IR
1356,348008.0,MAX86915 RED
1357,351004.0,MAX86915 IR
1357,348025.0,MAX86915 RED
1358,351001.0,MAX86915 IR
1358,348042.0,MAX86915 RED
1359,350970.0,MAX86915 IR
1359,348040.0,MAX86915 RED
1360,350962.0,MAX86915 IR
1360,348043.0,MAX86915 RED
1361,350856.0,MAX86915 IR
1361,347956.0,MAX86915 RED
1362,350742.0,MAX86915 IR
1362,347909.0,MAX86915 RED
1363,350730.0,MAX86915 IR
1363,347895.0,MAX86915 RED
1364,350728.0,MAX86915 IR
1364,347897.0,MAX86915 RED
1365,350727.0,MAX86915 IR
1365,347958.0,MAX86915 RED
1366,350711.0,MAX86915 IR
1366,347937.0,MAX86915 RED
1367,350739.0,MAX86915 IR
1367,347952.0,MAX86915 RED
1368,350791.0,MAX86915 IR
1368,347997.0,MAX86915 RED
1369,350762.0,MAX86915 IR
1369,348005.0,MAX86915 RED
1370,350854.0,MAX86915 IR
1370,348012.0,MAX86915 RED
1371,350909.0,MAX86915 IR
1371,348065.0,MAX86915 RED
1372,350973.0,MAX86915 IR
1372,348116.0,MAX86915 RED
1373,350993.0,MAX86915 IR
1373,348113.0,MAX86915 RED
1374,351050.0,MAX86915 IR
1374,348126.0,MAX86915 RED
1375,351062.0,MAX86915 IR
1375,348188.0,MAX86915 RED
1376,351066.0,MAX86915 IR
1376,348118.0,MAX86915 RED
1377,351164.0,MAX86915 IR
1377,348192.0,MAX86915 RED
1378,351203.0,MAX86915 IR
1378,348207.0,MAX86915 RED
1379,351227.0,MAX86915 IR
1379,348302.0,MAX86915 RED
1380,351291.0,MAX86915 IR
1380,348313.0,MAX86915 RED
1381,351373.0,MAX86915 IR
1381,348340.0,MAX86915 RED
1382,351472.0,MAX86915 IR
1382,348441.0,MAX86915 RED
1383,351519.0,MAX86915 IR
1383,348472.0,MAX86915 RED
1384,351546.0,MAX86915 IR
1384,348475.0,MAX86915 RED
1385,351554.0,MAX86915 IR
1385,348495.0,MAX86915 RED
1386,351571.0,MAX86915 IR
1386,348546.0,MAX86915 RED
1387,351619.0,MAX86915 IR
1387,348521.0,MAX86915 RED
1388,351665.0,MAX86915 IR
1388,348521.0,MAX86915 RED
1389,351712.0,MAX86915 IR
1389,348570.0,MAX86915 RED
1390,351799.0,MAX86915 IR
1390,348655.0,MAX86915 RED
1391,351884.0,MAX86915 IR
1391,348689.0,MAX86915 RED
1392,351915.0,MAX86915 IR
1392,348738.0,MAX86915 RED
1393,351925.0,MAX86915 IR
1393,348753.0,MAX86915 RED
1394,351942.0,MAX86915 IR
1394,348737.0,MAX86915 RED
1395,351936.0,MAX86915 IR
1395,348714.0,MAX86915 RED
1396,351958.0,MAX86915 IR
1396,348782.0,MAX86915 RED
1397,351943.0,MAX86915 IR
1397,348788.0,MAX86915 RED
1398,352022.0,MAX86915 IR
1398,348822.0,MAX86915 RED
1399,352044.0,MAX86915 IR
1399,348860.0,MAX86915 RED
1400,352042.0,MAX86915 IR
1400,348790.0,MAX86915 RED
1401,352005.0,MAX86915 IR
1401,348806.0,MAX86915 RED
1402,351976.0,MAX86915 IR
1402,348799.0,MAX86915 RED
1403,351997.0,MAX86915 IR
1403,348788.0,MAX86915 RED
1404,351972.0,MAX86915 IR
1404,348729.0,MAX86915 RED
1405,351962.0,MAX86915 IR
1405,348718.0,MAX86915 RED
1406,351960.0,MAX86915 IR
1406,348658.0,MAX86915 RED
1407,351928.0,MAX86915 IR
1407,348671.0,MAX86915 RED
1408,351956.0,MAX86915 IR
1408,348674.0,MAX86915 RED
1409,351929.0,MAX86915 IR
1409,348644.0,MAX86915 RED
1410,351895.0,MAX86915 IR
1410,348539.0,MAX86915 RED
1411,351818.0,MAX86915 IR
1411,348535.0,MAX86915 RED
1412,351773.0,MAX86915 IR
1412,348502.0,MAX86915 RED
1413,351781.0,MAX86915 IR
1413,348456.0,MAX86915 RED
1414,351791.0,MAX86915 IR
1414,348501.0,MAX86915 RED
1415,351787.0,MAX86915 IR
1415,348524.0,MAX86915 RED
1416,351870.0,MAX86915 IR
1416,348573.0,MAX86915 RED
1417,351947.0,MAX86915 IR
1417,348603.0,MAX86915 RED
1418,352005.0,MAX86915 IR
1418,348674.0,MAX86915 RED
1419,352066.0,MAX86915 IR
1419,348621.0,MAX86915 RED
1420,352025.0,MAX86915 IR
1420,348607.0,MAX86915 RED
1421,351952.0,MAX86915 IR
1421,348493.0,MAX86915 RED
1422,351890.0,MAX86915 IR
1422,348450.0,MAX86915 RED
1423,351832.0,MAX86915 IR
1423,348372.0,MAX86915 RED
1424,351801.0,MAX86915 IR
1424,348310.0,MAX86915 RED
1425,351723.0,MAX86915 IR
1425,348285.0,MAX86915 RED
1426,351675.0,MAX86915 IR
1426,348215.0,MAX86915 RED
1427,351647.0,MAX86915 IR
1427,348168.0,MAX86915 RED
1428,351649.0,MAX86915 IR
1428,348138.0,MAX86915 RED
1429,351615.0,MAX86915 IR
1429,348160.0,MAX86915 RED
1430,351700.0,MAX86915 IR
1430,348231.0,MAX86915 RED
1431,352204.0,MAX86915 IR
1431,348712.0,MAX86915 RED
1432,352743.0,MAX86915 IR
1432,349232.0,MAX86915 RED
1433,353061.0,MAX86915 IR
1433,349496.0,MAX86915 RED
1434,353133.0,MAX86915 IR
1434,349529.0,MAX86915 RED
1435,353206.0,MAX86915 IR
1435,349550.0,MAX86915 RED
1436,353307.0,MAX86915 IR
1436,349583.0,MAX86915 RED
1437,353395.0,MAX86915 IR
1437,349708.0,MAX86915 RED
1438,353422.0,MAX86915 IR
1438,349712.0,MAX86915 RED
1439,353469.0,MAX86915 IR
1439,349738.0,MAX86915 RED
1440,353457.0,MAX86915 IR
1440,349741.0,MAX86915 RED
1441,353475.0,MAX86915 IR
1441,349791.0,MAX86915 RED
1442,353371.0,MAX86915 IR
1442,349729.0,MAX86915 RED
1443,353222.0,MAX86915 IR
1443,349663.0,MAX86915 RED
1444,353061.0,MAX86915 IR
1444,349633.0,MAX86915 RED
1445,352806.0,MAX86915 IR
1445,349459.0,MAX86915 RED
1446,352462.0,MAX86915 IR
1446,349279.0,MAX86915 RED
1447,352113.0,MAX86915 IR
1447,349075.0,MAX86915 RED
1448,351832.0,MAX86915 IR
1448,348913.0,MAX86915 RED
1449,351624.0,MAX86915 IR
1449,348827.0,MAX86915 RED
1450,351515.0,MAX86915 IR
1450,348830.0,MAX86915 RED
1451,351495.0,MAX86915 IR
1451,348842.0,MAX86915 RED
1452,351463.0,MAX86915 IR
1452,348836.0,MAX86915 RED
1453,351498.0,MAX86915 IR
1453,348902.0,MAX86915 RED
1454,351569.0,MAX86915 IR
1454,348932.0,MAX86915 RED
1455,351606.0,MAX86915 IR
1455,348997.0,MAX86915 RED
1456,351744.0,MAX86915 IR
1456,349070.0,MAX86915 RED
1457,351852.0,MAX86915 IR
1457,349160.0,MAX86915 RED
1458,351977.0,MAX86915 IR
1458,349220.0,MAX86915 RED
1459,352092.0,MAX86915 IR
1459,349325.0,MAX86915 RED
1460,352241.0,MAX86915 IR
1460,349446.0,MAX86915 RED
1461,352403.0,MAX86915 IR
1461,349582.0,MAX86915 RED
1462,352544.0,MAX86915 IR
1462,349662.0,MAX86915 RED
1463,352603.0,MAX86915 IR
1463,349730.0,MAX86915 RED
1464,352666.0,MAX86915 IR
1464,349781.0,MAX86915 RED
1465,352687.0,MAX86915 IR
1465,349724.0,MAX86915 RED
1466,352717.0,MAX86915 IR
1466,349800.0,MAX86915 RED
1467,352743.0,MAX86915 IR
1467,349750.0,MAX86915 RED
1468,352754.0,MAX86915 IR
1468,349750.0,MAX86915 RED
1469,352822.0,MAX86915 IR
1469,349746.0,MAX86915 RED
1470,352899.0,MAX86915 IR
1470,349855.0,MAX86915 RED
1471,353112.0,MAX86915 IR
1471,349960.0,MAX86915 RED
1472,353279.0,MAX86915 IR
1472,350087.0,MAX86915 RED
1473,353366.0,MAX86915 IR
1473,350145.0,MAX86915 RED
1474,353476.0,MAX86915 IR
1474,350277.0,MAX86915 RED
1475,353602.0,MAX86915 IR
1475,350344.0,MAX86915 RED
1476,353664.0,MAX86915 IR
1476,350391.0,MAX86915 RED
1477,353763.0,MAX86915 IR
1477,350505.0,MAX86915 RED
1478,353897.0,MAX86915 IR
1478,350594.0,MAX86915 RED
1479,354005.0,MAX86915 IR
1479,350712.0,MAX86915 RED
1480,354108.0,MAX86915 IR
1480,350793.0,MAX86915 RED
1481,354222.0,MAX86915 IR
1481,350878.0,MAX86915 RED
1482,354353.0,MAX86915 IR
1482,350968.0,MAX86915 RED
1483,354470.0,MAX86915 IR
1483,351071.0,MAX86915 RED
1484,354624.0,MAX86915 IR
1484,351123.0,MAX86915 RED
1485,354734.0,MAX86915 IR
1485,351157.0,MAX86915 RED
1486,354833.0,MAX86915 IR
1486,351275.0,MAX86915 RED
1487,355013.0,MAX86915 IR
1487,351377.0,MAX86915 RED
1488,355192.0,MAX86915 IR
1488,351498.0,MAX86915 RED
1489,355355.0,MAX86915 IR
1489,351569.0,MAX86915 RED
1490,355531.0,MAX86915 IR
1490,351710.0,MAX86915 RED
1491,355714.0,MAX86915 IR
1491,351788.0,MAX86915 RED
1492,355901.0,MAX86915 IR
1492,351957.0,MAX86915 RED
1493,356104.0,MAX86915 IR
1493,352075.0,MAX86915 RED
1494,356290.0,MAX86915 IR
1494,352129.0,MAX86915 RED
1495,356417.0,MAX86915 IR
1495,352274.0,MAX86915 RED
1496,356558.0,MAX86915 IR
1496,352347.0,MAX86915 RED
1497,356660.0,MAX86915 IR
1497,352402.0,MAX86915 RED
1498,356752.0,MAX86915 IR
1498,352472.0,MAX86915 RED
1499,356852.0,MAX86915 IR
1499,352578.0,MAX86915 RED
1500,357015.0,MAX86915 IR
1500,352627.0,MAX86915 RED